id_subcircuito,nom_subcircuito,Circuito_id_circuito
-1,SIN DATO,-1
0,MAR TERRITORIAL,-1
000C01S01,EL PIEDRERO 1,000C01
01D01C01S01,CAÃ‘ARIBAMBA 1,01D01C01
01D01C02S01,SAN BLAS 1,01D01C02
01D01C03S01,BELLAVISTA 1,01D01C03
01D01C04S01,VERDE LOMA 1,01D01C04
01D01C05S01,EL VECINO 1,01D01C05
01D01C05S02,EL VECINO 2,01D01C05
01D01C06S01,BARRIAL BLANCO 1,01D01C06
01D01C07S01,EL SAGRARIO 1,01D01C07
01D01C08S01,HERMANO MIGUEL 1,01D01C08
01D01C08S02,HERMANO MIGUEL 2,01D01C08
01D01C09S01,MACHANGARA 1,01D01C09
01D01C10S01,QUINTA CHICA 1,01D01C10
01D01C11S01,TERMINAL TERRESTRE 1,01D01C11
01D01C12S01,TOTORACOCHA 1,01D01C12
01D01C13S01,GIL RAMIREZ DAVALOS 1,01D01C13
01D01C14S01,SAYAUSI 1,01D01C14
01D01C15S01,SAN JOAQUIN 1,01D01C15
01D01C16S01,PACCHA Y NULTI 1,01D01C16
01D01C17S01,RICAURTE 1,01D01C17
01D01C17S02,RICAURTE 2,01D01C17
01D01C18S01,CHECA 1,01D01C18
01D01C19S01,OCTAVIO CORDERO 1,01D01C19
01D01C20S01,SININCAY 1,01D01C20
01D02C01S01,YANUNCAY 1,01D02C01
01D02C02S01,EL SALADO 1,01D02C02
01D02C03S01,NARANCAY 1,01D02C03
01D02C04S01,SUCRE 1,01D02C04
01D02C05S01,MONAY 1,01D02C05
01D02C06S01,HUAYNA CAPAC 1,01D02C06
01D02C07S01,EL BATAN 1,01D02C07
01D02C08S01,SAN SEBASTIAN 1,01D02C08
01D02C09S01,CAYAMBE 1,01D02C09
01D02C09S02,CAYAMBE 2,01D02C09
01D02C09S03,CAYAMBE 3,01D02C09
01D02C10S01,MOLLETURO 1,01D02C10
01D02C12S01,BAÃ‘OS 1,01D02C12
01D02C13S01,TARQUI 1,01D02C13
01D02C14S01,TURI 1,01D02C14
01D02C15S01,CUMBE 1,01D02C15
01D02C16S01,QUINGEO 1,01D02C16
01D02C17S01,SANTA ANA 1,01D02C17
01D02C18S01,EL VALLE 1,01D02C18
01D02C19S01,COCHAPAMBA 1,01D02C19
01D03C01S01,GIRON 1,01D03C01
01D03C01S02,GIRON 2,01D03C01
01D03C02S01,SAN RAFAEL SHARUG 1,01D03C02
01D03C03S01,PUCARA 1,01D03C03
01D03C04S01,CERRO NEGRO 1,01D03C04
01D03C05S01,SAN FERNANDO 1,01D03C05
01D03C06S01,LA UNION 1,01D03C06
01D04C01S01,SAN JUAN 1,01D04C01
01D04C02S01,JADAN 1,01D04C02
01D04C03S01,ZHIMAD 1,01D04C03
01D04C04S01,GUALACEO 1,01D04C04
01D04C04S02,GUALACEO 2,01D04C04
01D04C05S01,GUALACEO SUR 1,01D04C05
01D04C06S01,REMIGIO CRESPO 1,01D04C06
01D04C07S01,CHORDELEG 1,01D04C07
01D04C07S02,CHORDELEG 2,01D04C07
01D05C01S01,NABON 1,01D05C01
01D05C02S01,LAS NIEVES 1,01D05C02
01D05C03S01,ONA 1,01D05C03
01D06C01S01,DUG DUG 1,01D06C01
01D06C02S01,PAUTE 1,01D06C02
01D06C02S02,PAUTE 2,01D06C02
01D06C03S01,EL PAN 1,01D06C03
01D06C04S01,AMALUZA 1,01D06C04
01D06C05S01,SEVILLA DE ORO 1,01D06C05
01D06C06S01,GUACHAPALA 1,01D06C06
01D07C01S01,SHUMIRAL 1,01D07C01
01D07C02S01,CAMILO PONCE ENRIQUEZ 1,01D07C02
01D07C02S02,CAMILO PONCE ENRIQUEZ 2,01D07C02
01D07C03S01,CARMEN DE PIJILI 1,01D07C03
01D08C01S01,SIGSIG 1,01D08C01
01D08C01S02,SIGSIG 2,01D08C01
01D08C02S01,JIMA 1,01D08C02
01D08C03S01,LUDO 1,01D08C03
02D01C01S01,GUARANDA SUR 1,02D01C01
02D01C02S01,15 DE MAYO 1,02D01C02
02D01C03S01,GUANUJO 1,02D01C03
02D01C04S01,1 DE MAYO 1,02D01C04
02D01C05S01,QUINDIGUA BAJO 1,02D01C05
02D01C06S01,PALMA LOMA 1,02D01C06
02D01C07S01,SIMIATUG 1,02D01C07
02D01C08S01,FACUNDO VELA 1,02D01C08
02D01C09S01,SALINAS 1,02D01C09
02D01C09S02,SALINAS 2,02D01C09
02D01C10S01,SAN LUIS 1,02D01C10
02D01C11S01,SAN LORENZO 1,02D01C11
02D01C11S02,SAN LORENZO 2,02D01C11
02D02C01S01,SAN JOSE DEL TAMBO 1,02D02C01
02D02C02S01,CHILLANES 1,02D02C02
02D03C01S01,TELIMBELA 1,02D03C01
02D03C02S01,MAGDALENA 1,02D03C02
02D03C03S01,CHIMBO 1,02D03C03
02D03C04S01,SAN MIGUEL 1,02D03C04
02D03C05S01,SAN PABLO 1,02D03C05
02D03C06S01,SANTIAGO 1,02D03C06
02D03C07S01,BALSAPAMBA 1,02D03C07
02D03C07S02,BALSAPAMBA 2,02D03C07
02D04C01S01,ECHEANDIA 1,02D04C01
02D04C01S02,ECHEANDIA 2,02D04C01
02D04C02S01,CALUMA 1,02D04C02
02D04C02S02,CALUMA 2,02D04C02
02D04C03S01,LAS NAVES 1,02D04C03
03D01C01S01,AZOGUES ORIENTE 1,03D01C01
03D01C01S02,AZOGUES ORIENTE 2,03D01C01
03D01C02S01,AZOGUES NORTE 1,03D01C02
03D01C02S02,AZOGUES NORTE 2,03D01C02
03D01C02S03,AZOGUES NORTE 3,03D01C02
03D01C03S01,UCHUPUCUM 1,03D01C03
03D01C04S01,AZOGUES SUR 1,03D01C04
03D01C04S02,AZOGUES SUR 2,03D01C04
03D01C05S01,GUAPAN 1,03D01C05
03D01C06S01,AZOGUES OESTE 1,03D01C06
03D01C06S02,AZOGUES OESTE 2,03D01C06
03D01C07S01,SAN MIGUEL 1,03D01C07
03D01C08S01,LUIS CORDERO 1,03D01C08
03D01C09S01,BIBLIAN 1,03D01C09
03D01C10S01,JERUSALEN 1,03D01C10
03D01C11S01,NAZON 1,03D01C11
03D01C12S01,DELEG 1,03D01C12
03D02C01S01,CAÃ‘AR 1,03D02C01
03D02C02S01,CAÃ‘AR OCCIDENTE 1,03D02C02
03D02C02S02,CAÃ‘AR OCCIDENTE 2,03D02C02
03D02C03S01,GUALLETURO 1,03D02C03
03D02C04S01,INGAPIRCA 1,03D02C04
03D02C05S01,ZHUD 1,03D02C05
03D02C06S01,EL TAMBO 1,03D02C06
03D02C07S01,SUSCAL 1,03D02C07
03D03C01S01,TRONCAL NORTE 1,03D03C01
03D03C02S01,TRONCAL CENTRO 1,03D03C02
03D03C02S02,TRONCAL CENTRO 2,03D03C02
03D03C03S01,TRONCAL OESTE 1,03D03C03
03D03C03S02,TRONCAL OESTE 2,03D03C03
03D03C03S03,TRONCAL OESTE 3,03D03C03
04D01C01S01,SAN PEDRO DE HUACA 1,04D01C01
04D01C01S02,SAN PEDRO DE HUACA 2,04D01C01
04D01C02S01,OLIMPICO 1,04D01C02
04D01C03S01,COMUNEROS 1,04D01C03
04D01C04S01,ISIDRO AYORA 1,04D01C04
04D01C05S01,EL PORTAL 1,04D01C05
04D01C06S01,PARQUE DEL 8 1,04D01C06
04D01C07S01,EL MAESTRO 1,04D01C07
04D01C08S01,KENNEDY 1,04D01C08
04D01C09S01,SANTA MARTHA DE CUBA 1,04D01C09
04D01C10S01,JULIO ANDRADE 1,04D01C10
04D01C10S02,JULIO ANDRADE 2,04D01C10
04D01C11S01,TUFIÃ‘O 1,04D01C11
04D01C12S01,CHICAL 1,04D01C12
04D01C12S02,CHICAL 2,04D01C12
04D01C13S01,URBINA 1,04D01C13
04D02C01S01,BOLIVAR 1,04D02C01
04D02C01S02,BOLIVAR 2,04D02C01
04D02C02S01,SAN RAFAEL 1,04D02C02
04D02C02S02,SAN RAFAEL 2,04D02C02
04D02C03S01,GARCIA MORENO 1,04D02C03
04D02C03S02,GARCIA MORENO 2,04D02C03
04D02C04S01,SAN GABRIEL NORTE 1,04D02C04
04D02C05S01,SAN GABRIEL SUR 1,04D02C05
04D02C06S01,CRISTOBAL COLON 1,04D02C06
04D02C06S02,CRISTOBAL COLON 2,04D02C06
04D02C07S01,LA PAZ 1,04D02C07
04D03C01S01,EL ANGEL 1,04D03C01
04D03C01S02,EL ANGEL 2,04D03C01
04D03C02S01,EL GOALTAL 1,04D03C02
04D03C03S01,LA CONCEPCION 1,04D03C03
04D03C03S02,LA CONCEPCION 2,04D03C03
04D03C04S01,MIRA 1,04D03C04
05D01C01S01,TOACAZO 1,05D01C01
05D01C02S01,MULALO 1,05D01C02
05D01C03S01,LASSO 1,05D01C03
05D01C03S02,LASSO 2,05D01C03
05D01C04S01,JOSEGUANGO 1,05D01C04
05D01C05S01,POALO 1,05D01C05
05D01C06S01,SAN JOSE 1,05D01C06
05D01C07S01,ELOY ALFARO 1,05D01C07
05D01C07S02,ELOY ALFARO 2,05D01C07
05D01C08S01,BETHLEMITAS 1,05D01C08
05D01C08S02,BETHLEMITAS 2,05D01C08
05D01C09S01,SAN CARLOS 1,05D01C09
05D01C10S01,SAN MARTIN 1,05D01C10
05D01C11S01,LA COCHA 1,05D01C11
05D01C12S01,LA CALERA 1,05D01C12
05D01C13S01,CHOFER 1,05D01C13
05D01C14S01,TERMINAL TERRESTRE 1,05D01C14
05D01C14S02,TERMINAL TERRESTRE 2,05D01C14
05D01C15S01,NUEVA VIDA 1,05D01C15
05D01C16S01,BELISARIO QUEVEDO 1,05D01C16
05D01C17S01,PASTO CALLE 1,05D01C17
05D01C18S01,GUAYTACAMA 1,05D01C18
05D01C18S02,GUAYTACAMA 2,05D01C18
05D02C01S01,GUASAGANDA 1,05D02C01
05D02C02S01,LA MANA NORTE 1,05D02C02
05D02C02S02,LA MANA NORTE 2,05D02C02
05D02C03S01,LA MANA SUR 1,05D02C03
05D02C03S02,LA MANA SUR 2,05D02C03
05D03C01S01,MORASPUNGO 1,05D03C01
05D03C02S01,PILLONPATA 1,05D03C02
05D03C03S01,EL CORAZON 1,05D03C03
05D04C01S01,SAQUISILI 1,05D04C01
05D04C01S02,SAQUISILI 2,05D04C01
05D04C02S01,CANCHAGUA 1,05D04C02
05D04C03S01,LA ESPERANZA 1,05D04C03
05D04C04S01,ANGAMARCA 1,05D04C04
05D04C05S01,PILALO 1,05D04C05
05D04C06S01,ZUMBAGUA 1,05D04C06
05D04C07S01,GUANGAJE 1,05D04C07
05D04C08S01,ALPAMALA 1,05D04C08
05D04C09S01,PUJILI 1,05D04C09
05D04C10S01,LA MERCED 1,05D04C10
05D04C11S01,LA VICTORIA 1,05D04C11
05D05C01S01,SIGCHOS 1,05D05C01
05D05C02S01,LAS PAMPAS 1,05D05C02
05D05C03S01,CHUGCHILLAN 1,05D05C03
05D05C04S01,ISINLIVI 1,05D05C04
05D06C01S01,CUSUBAMBA 1,05D06C01
05D06C02S01,SALCEDO 1,05D06C02
05D06C02S02,SALCEDO 2,05D06C02
05D06C02S03,SALCEDO 3,05D06C02
05D06C03S01,MULALILLO 1,05D06C03
05D06C03S02,MULALILLO 2,05D06C03
05D06C04S01,SANTA ANA 1,05D06C04
06D01C01S01,YARUQUIES 1,06D01C01
06D01C02S01,POLITECNICA 1,06D01C02
06D01C02S02,POLITECNICA 2,06D01C02
06D01C02S03,POLITECNICA 3,06D01C02
06D01C03S01,SHOPPING 1,06D01C03
06D01C04S01,CAMILO PONCE 1,06D01C04
06D01C04S02,CAMILO PONCE 2,06D01C04
06D01C05S01,CAMINOS AL SOL 1,06D01C05
06D01C06S01,LA ESTACION 1,06D01C06
06D01C06S02,LA ESTACION 2,06D01C06
06D01C07S01,SAN ALFONSO 1,06D01C07
06D01C07S02,SAN ALFONSO 2,06D01C07
06D01C08S01,PUCARA 1,06D01C08
06D01C08S02,PUCARA 2,06D01C08
06D01C09S01,LA PAZ 1,06D01C09
06D01C09S02,LA PAZ 2,06D01C09
06D01C10S01,TERMINAL TERRESTRE 1,06D01C10
06D01C11S01,LA CONDAMINE 1,06D01C11
06D01C11S02,LA CONDAMINE 2,06D01C11
06D01C12S01,LA PRIMAVERA 1,06D01C12
06D01C13S01,SANTA CRUZ 1,06D01C13
06D01C14S01,CALPI 1,06D01C14
06D01C15S01,24 DE MAYO 1,06D01C15
06D01C15S02,24 DE MAYO 2,06D01C15
06D01C16S01,QUIMIAG 1,06D01C16
06D01C17S01,LICTO 1,06D01C17
06D01C17S02,LICTO 2,06D01C17
06D01C18S01,PUNIN 1,06D01C18
06D01C19S01,SAN LUIS 1,06D01C19
06D01C19S02,SAN LUIS 2,06D01C19
06D01C20S01,CHAMBO 1,06D01C20
06D01C20S02,CHAMBO 2,06D01C20
06D02C01S01,HUIGRA 1,06D02C01
06D02C02S01,ALAUSI 1,06D02C02
06D02C03S01,GUASUNTOS 1,06D02C03
06D02C04S01,TIXAN 1,06D02C04
06D02C05S01,ACHUPALLAS 1,06D02C05
06D02C06S01,CHUNCHI 1,06D02C06
06D02C07S01,JOYAGSHI 1,06D02C07
06D03C01S01,CUMANDA 1,06D03C01
06D03C01S02,CUMANDA 2,06D03C01
06D03C02S01,PALLATANGA 1,06D03C02
06D04C01S01,CAJABAMBA 1,06D04C01
06D04C02S01,LIRIO 1,06D04C02
06D04C03S01,COLUMBE 1,06D04C03
06D04C04S01,PANGOR 1,06D04C04
06D04C05S01,SANTIAGO DE QUITO 1,06D04C05
06D04C06S01,GUAMOTE 1,06D04C06
06D04C07S01,COCHAPAMBA 1,06D04C07
06D04C08S01,TIO CAJAS 1,06D04C08
06D04C09S01,PALMIRA 1,06D04C09
06D04C10S01,CEBADAS 1,06D04C10
06D05C01S01,SAN ANDRES 1,06D05C01
06D05C01S02,SAN ANDRES 2,06D05C01
06D05C02S01,GUANO 1,06D05C02
06D05C02S02,GUANO 2,06D05C02
06D05C03S01,SANTA FE DE GALAN 1,06D05C03
06D05C04S01,PENIPE 1,06D05C04
07D01C01S01,CHILLA 1,07D01C01
07D01C02S01,LA IBERIA 1,07D01C02
07D01C03S01,PRIVILEGIO 1,07D01C03
07D01C04S01,BAJO ALTO 1,07D01C04
07D01C05S01,BARBONES 1,07D01C05
07D01C05S02,BARBONES 2,07D01C05
07D01C06S01,RIO BONITO 1,07D01C06
07D01C07S01,BUENA VISTA 1,07D01C07
07D01C07S02,BUENA VISTA 2,07D01C07
07D01C08S01,VELASCO IBARRA 1,07D01C08
07D01C08S02,VELASCO IBARRA 2,07D01C08
07D01C09S01,LAS PRADERAS 1,07D01C09
07D01C10S01,OCHOA LEON 1,07D01C10
07D01C10S02,OCHOA LEON 2,07D01C10
07D01C11S01,BANANERA SUR 1,07D01C11
07D01C12S01,BANANERA NORTE 1,07D01C12
07D01C13S01,PROGRESO 1,07D01C13
07D01C14S01,CASACAY 1,07D01C14
07D01C15S01,UZCURRUMI 1,07D01C15
07D02C01S01,9 DE MAYO 1,07D02C01
07D02C01S02,9 DE MAYO 2,07D02C01
07D02C02S01,NUEVO PILO 1,07D02C02
07D02C03S01,LA CUATRO MIL 1,07D02C03
07D02C03S02,LA CUATRO MIL 2,07D02C03
07D02C04S01,RAYITO DE LUZ 1,07D02C04
07D02C04S02,RAYITO DE LUZ 2,07D02C04
07D02C05S01,MACHALA OCCIDENTAL 1,07D02C05
07D02C06S01,GRAL SERRANO 1,07D02C06
07D02C07S01,27 DE FEBRERO 1,07D02C07
07D02C08S01,19 DE NOVIEMBRE 1,07D02C08
07D02C09S01,JAMBELI CENTRO 1,07D02C09
07D02C09S02,JAMBELI CENTRO 2,07D02C09
07D02C10S01,LA PROVIDENCIA 1,07D02C10
07D02C11S01,ROCAFUERTE 1,07D02C11
07D02C12S01,EL CAMBIO 1,07D02C12
07D02C13S01,PAEZ 1,07D02C13
07D02C14S01,LAS KATYAS 1,07D02C14
07D02C14S02,LAS KATYAS 2,07D02C14
07D02C14S03,LAS KATYAS 3,07D02C14
07D02C15S01,LA FERROVIARIA 1,07D02C15
07D02C16S01,CRISTO DEL CONSUELO 1,07D02C16
07D02C16S02,CRISTO DEL CONSUELO 2,07D02C16
07D02C17S01,PUERTO BOLIVAR 1,07D02C17
07D02C17S02,PUERTO BOLIVAR 2,07D02C17
07D02C18S01,WILSON FRANCO 1,07D02C18
07D02C19S01,SIMON BOLIVAR 1,07D02C19
07D02C20S01,PARQUE LINEAL 1,07D02C20
07D02C21S01,EL RETIRO 1,07D02C21
07D03C01S01,PACHA 1,07D03C01
07D03C01S02,PACHA 2,07D03C01
07D03C02S01,CERRO AZUL 1,07D03C02
07D03C03S01,MORALES 1,07D03C03
07D03C04S01,SALATI 1,07D03C04
07D03C05S01,PORTOVELO 1,07D03C05
07D03C06S01,GUANAZAN 1,07D03C06
07D03C07S01,GUIZHAGUIÃ‘A 1,07D03C07
07D03C08S01,ZARUMA 1,07D03C08
07D03C09S01,ARCAPAMBA 1,07D03C09
07D04C01S01,BALSAS 1,07D04C01
07D04C02S01,MARCABELI 1,07D04C02
07D04C03S01,MOROMORO 1,07D04C03
07D04C04S01,SAN ROQUE 1,07D04C04
07D04C04S02,SAN ROQUE 2,07D04C04
07D04C05S01,SARACAY 1,07D04C05
07D04C05S02,SARACAY 2,07D04C05
07D04C06S01,CAPIRO 1,07D04C06
07D05C01S01,LA LIBERTAD 1,07D05C01
07D05C02S01,ARENILLAS 1,07D05C02
07D05C03S01,PALMALES 1,07D05C03
07D05C04S01,GUABILLO 1,07D05C04
07D05C05S01,UNION LOJANA 1,07D05C05
07D05C05S02,UNION LOJANA 2,07D05C05
07D05C06S01,HUALTACO 1,07D05C06
07D05C06S02,HUALTACO 2,07D05C06
07D05C06S03,HUALTACO 3,07D05C06
07D05C07S01,MILTON REYES 1,07D05C07
07D05C08S01,LA VICTORIA 1,07D05C08
07D06C01S01,TORATA 1,07D06C01
07D06C01S02,TORATA 2,07D06C01
07D06C02S01,BELLA MARIA 1,07D06C02
07D06C03S01,VEGA RIVERA 1,07D06C03
07D06C04S01,SANTA ROSA ESTE 1,07D06C04
07D06C04S02,SANTA ROSA ESTE 2,07D06C04
07D06C05S01,SANTA ROSA OESTE 1,07D06C05
07D06C06S01,LAS PALMERAS 1,07D06C06
07D06C07S01,JAMBELI 1,07D06C07
08D01C01S01,CODESA 1,08D01C01
08D01C02S01,LAS PALMAS 1,08D01C02
08D01C03S01,AIRE LIBRE 1,08D01C03
08D01C03S02,AIRE LIBRE 2,08D01C03
08D01C04S01,LA TOLITA 1,08D01C04
08D01C04S02,LA TOLITA 2,08D01C04
08D01C05S01,EL ARENAL 1,08D01C05
08D01C05S02,EL ARENAL 2,08D01C05
08D01C06S01,BELLAVISTA NORTE 1,08D01C06
08D01C06S02,BELLAVISTA NORTE 2,08D01C06
08D01C07S01,COLECTIVA 1,08D01C07
08D01C07S02,COLECTIVA 2,08D01C07
08D01C08S01,VALLE HERMOSO 1,08D01C08
08D01C08S02,VALLE HERMOSO 2,08D01C08
08D01C08S03,VALLE HERMOSO 3,08D01C08
08D01C09S01,CORDERO CRESPO 1,08D01C09
08D01C10S01,ESMERALDAS LIBRE 1,08D01C10
08D01C11S01,GUACHARACA 1,08D01C11
08D01C11S02,GUACHARACA 2,08D01C11
08D01C12S01,SANTA MARTHA 1,08D01C12
08D01C13S01,CENTRO 1,08D01C13
08D01C13S02,CENTRO 2,08D01C13
08D01C14S01,SANTA VAINAS 1,08D01C14
08D01C15S01,PROPICIA 1,08D01C15
08D01C16S01,VUELTA LARGA NORTE 1,08D01C16
08D01C17S01,PUMPULA 1,08D01C17
08D01C18S01,VUELTA LARGA SUR 1,08D01C18
08D01C19S01,TABIAZO 1,08D01C19
08D01C19S02,TABIAZO 2,08D01C19
08D01C20S01,CAMARONES 1,08D01C20
08D01C20S02,CAMARONES 2,08D01C20
08D01C21S01,SAN MATEO 1,08D01C21
08D01C21S02,SAN MATEO 2,08D01C21
08D02C01S01,LIMONES 1,08D02C01
08D02C01S02,LIMONES 2,08D02C01
08D02C01S03,LIMONES 3,08D02C01
08D02C01S04,LIMONES 4,08D02C01
08D02C02S01,ANCHAYACU 1,08D02C02
08D02C02S02,ANCHAYACU 2,08D02C02
08D02C02S03,ANCHAYACU 3,08D02C02
08D02C03S01,BORBON 1,08D02C03
08D02C03S03,BORBON 3,08D02C03
08D02C04S01,SELVA ALEGRE 1,08D02C04
08D02C04S02,SELVA ALEGRE 2,08D02C04
08D03C01S01,GALERAS 1,08D03C01
08D03C01S02,GALERAS 2,08D03C01
08D03C02S01,MUISNE 1,08D03C02
08D03C02S02,MUISNE 2,08D03C02
08D03C02S03,MUISNE 3,08D03C02
08D03C03S01,CHAMANGA 1,08D03C03
08D03C03S02,CHAMANGA 2,08D03C03
08D03C04S01,MOMPICHE 1,08D03C04
08D03C04S02,MOMPICHE 2,08D03C04
08D03C05S01,ATACAMES 1,08D03C05
08D03C05S02,ATACAMES 2,08D03C05
08D03C06S01,TONSUPA 1,08D03C06
08D03C07S01,LA UNION DE ATACAMES 1,08D03C07
08D03C08S01,TONCHIGUE 1,08D03C08
08D03C08S02,TONCHIGUE 2,08D03C08
08D04C01S01,CUPA 1,08D04C01
08D04C02S01,ROSA ZARATE 1,08D04C02
08D04C02S02,ROSA ZARATE 2,08D04C02
08D04C03S01,QUININDE 1,08D04C03
08D04C03S02,QUININDE 2,08D04C03
08D04C04S01,LA SEXTA 1,08D04C04
08D04C05S01,PUEBLO NUEVO 1,08D04C05
08D04C06S01,BOCANA DE BUA 1,08D04C06
08D04C07S01,LA INDEPENDENCIA 1,08D04C07
08D04C08S01,LA UNION 1,08D04C08
08D04C08S02,LA UNION 2,08D04C08
08D04C09S01,VICHE 1,08D04C09
08D04C10S01,CUBE 1,08D04C10
08D04C11S01,MALIMPIA 1,08D04C11
08D04C11S02,MALIMPIA 2,08D04C11
08D05C01S01,FRONTERA 1,08D05C01
08D05C01S02,FRONTERA 2,08D05C01
08D05C01S03,FRONTERA 3,08D05C01
08D05C02S01,URBINA 1,08D05C02
08D05C02S02,URBINA 2,08D05C02
08D05C03S01,TAMBILLO 1,08D05C03
08D05C04S01,CARONDELET 1,08D05C04
08D05C04S02,CARONDELET 2,08D05C04
08D06C01S01,PALESTINA 1,08D06C01
08D06C01S02,PALESTINA 2,08D06C01
08D06C01S03,PALESTINA 3,08D06C01
08D06C02S01,MONTALVO 1,08D06C02
08D06C02S02,MONTALVO 2,08D06C02
08D06C02S03,MONTALVO 3,08D06C02
09D01C01S01,GUASMO 1,09D01C01
09D01C01S02,GUASMO 2,09D01C01
09D01C01S03,GUASMO 3,09D01C01
09D01C01S04,GUASMO 4,09D01C01
09D01C02S01,UNION DE BANANEROS 1,09D01C02
09D01C02S02,UNION DE BANANEROS 2,09D01C02
09D01C02S03,UNION DE BANANEROS 3,09D01C02
09D01C03S01,FLORESTA 1,09D01C03
09D01C03S02,FLORESTA 2,09D01C03
09D01C03S03,FLORESTA 3,09D01C03
09D01C04S01,7 LAGOS 1,09D01C04
09D01C04S02,7 LAGOS 2,09D01C04
09D01C04S03,7 LAGOS 3,09D01C04
09D01C04S04,7 LAGOS 4,09D01C04
09D01C05S01,CENTENARIO 1,09D01C05
09D01C05S02,CENTENARIO 2,09D01C05
09D01C05S03,CENTENARIO 3,09D01C05
09D01C05S04,CENTENARIO 4,09D01C05
09D01C05S05,CENTENARIO 5,09D01C05
09D01C06S01,PUNA 1,09D01C06
09D01C06S02,PUNA 2,09D01C06
09D01C06S03,PUNA 3,09D01C06
09D01C06S04,PUNA 4,09D01C06
09D02C01S01,ESTEROS 1,09D02C01
09D02C01S02,ESTEROS 2,09D02C01
09D02C01S03,ESTEROS 3,09D02C01
09D02C01S04,ESTEROS 4,09D02C01
09D02C02S01,MALVINAS SUR 1,09D02C02
09D02C02S02,MALVINAS SUR 2,09D02C02
09D02C02S03,MALVINAS SUR 3,09D02C02
09D02C03S01,MALVINAS NORTE 1,09D02C03
09D02C03S02,MALVINAS NORTE 2,09D02C03
09D02C03S03,MALVINAS NORTE 3,09D02C03
09D02C04S01,TRINITARIA NORTE 1,09D02C04
09D02C04S02,TRINITARIA NORTE 2,09D02C04
09D02C04S03,TRINITARIA NORTE 3,09D02C04
09D02C04S04,TRINITARIA NORTE 4,09D02C04
09D02C05S01,TRINITARIA SUR 1,09D02C05
09D02C05S02,TRINITARIA SUR 2,09D02C05
09D02C05S03,TRINITARIA SUR 3,09D02C05
09D02C05S04,TRINITARIA SUR 4,09D02C05
09D02C05S05,TRINITARIA SUR 5,09D02C05
09D03C01S01,CHILE 1,09D03C01
09D03C01S02,CHILE 2,09D03C01
09D03C01S03,CHILE 3,09D03C01
09D03C01S04,CHILE 4,09D03C01
09D03C02S01,VICTORIA 1,09D03C02
09D03C02S02,VICTORIA 2,09D03C02
09D03C02S03,VICTORIA 3,09D03C02
09D03C02S04,VICTORIA 4,09D03C02
09D03C02S05,VICTORIA 5,09D03C02
09D03C03S01,9 DE OCTUBRE 1,09D03C03
09D03C03S02,9 DE OCTUBRE 2,09D03C03
09D03C03S03,9 DE OCTUBRE 3,09D03C03
09D03C03S04,9 DE OCTUBRE 4,09D03C03
09D03C03S05,9 DE OCTUBRE 5,09D03C03
09D03C03S06,9 DE OCTUBRE 6,09D03C03
09D03C04S01,GARAY 1,09D03C04
09D03C04S02,GARAY 2,09D03C04
09D03C04S03,GARAY 3,09D03C04
09D03C04S04,GARAY 4,09D03C04
09D03C05S01,VENEZUELA 1,09D03C05
09D03C05S02,VENEZUELA 2,09D03C05
09D03C05S03,VENEZUELA 3,09D03C05
09D03C06S01,ANTEPARA 1,09D03C06
09D03C06S02,ANTEPARA 2,09D03C06
09D03C06S03,ANTEPARA  3,09D03C06
09D03C07S01,CRISTO DEL CONSUELO 1,09D03C07
09D03C07S02,CRISTO DEL CONSUELO 2,09D03C07
09D03C07S03,CRISTO DEL CONSUELO 3,09D03C07
09D04C01S01,CISNE 1,09D04C01
09D04C01S02,CISNE 2,09D04C01
09D04C01S03,CISNE 3,09D04C01
09D04C01S04,CISNE 4,09D04C01
09D04C01S05,CISNE 5,09D04C01
09D04C02S01,CHALA 1,09D04C02
09D04C02S02,CHALA 2,09D04C02
09D04C02S03,CHALA 3,09D04C02
09D04C03S01,SALINAS 1,09D04C03
09D04C03S02,SALINAS 2,09D04C03
09D04C03S03,SALINAS 3,09D04C03
09D04C03S04,SALINAS 4,09D04C03
09D04C04S01,PORTETE 1,09D04C04
09D04C04S02,PORTETE 2,09D04C04
09D04C04S03,PORTETE 3,09D04C04
09D04C04S04,PORTETE 4,09D04C04
09D04C05S01,BATALLON DEL SUBURBIO 1,09D04C05
09D04C05S02,BATALLON DEL SUBURBIO 2,09D04C05
09D04C05S03,BATALLON DEL SUBURBIO 3,09D04C05
09D04C05S04,BATALLON DEL SUBURBIO 4,09D04C05
09D04C06S01,SUBURBIO 1,09D04C06
09D04C06S02,SUBURBIO 2,09D04C06
09D04C06S03,SUBURBIO 3,09D04C06
09D04C06S04,SUBURBIO 4,09D04C06
09D04C06S05,SUBURBIO 5,09D04C06
09D05C01S01,ATARAZANA 1,09D05C01
09D05C01S02,ATARAZANA 2,09D05C01
09D05C01S03,ATARAZANA 3,09D05C01
09D05C01S04,ATARAZANA 4,09D05C01
09D05C01S05,ATARAZANA 5,09D05C01
09D05C01S06,ATARAZANA 6,09D05C01
09D05C01S07,ATARAZANA 7,09D05C01
09D05C01S08,ATARAZANA 8,09D05C01
09D05C02S01,SAUCES 1,09D05C02
09D05C02S02,SAUCES 2,09D05C02
09D05C02S03,SAUCES 3,09D05C02
09D05C02S04,SAUCES 4,09D05C02
09D05C02S05,SAUCES 5,09D05C02
09D05C02S06,SAUCES 6,09D05C02
09D05C02S07,SAUCES 7,09D05C02
09D05C02S08,SAUCES 8,09D05C02
09D05C03S01,GUAYACANES 1,09D05C03
09D05C03S02,GUAYACANES 2,09D05C03
09D05C03S03,GUAYACANES 3,09D05C03
09D05C03S04,GUAYACANES 4,09D05C03
09D05C03S05,GUAYACANES 5,09D05C03
09D05C03S06,GUAYACANES 6,09D05C03
09D05C04S01,ALBORADA 1,09D05C04
09D05C04S02,ALBORADA 2,09D05C04
09D05C04S03,ALBORADA 3,09D05C04
09D05C04S04,ALBORADA 4,09D05C04
09D05C04S05,ALBORADA 5,09D05C04
09D05C04S06,ALBORADA 6,09D05C04
09D05C04S07,ALBORADA 7,09D05C04
09D05C05S01,URDESA 1,09D05C05
09D05C05S02,URDESA 2,09D05C05
09D05C05S03,URDESA 3,09D05C05
09D05C05S04,URDESA 4,09D05C05
09D05C05S05,URDESA 5,09D05C05
09D05C05S06,URDESA 6,09D05C05
09D05C05S07,URDESA 7,09D05C05
09D05C06S01,KENNEDY 1,09D05C06
09D05C06S02,KENNEDY 2,09D05C06
09D05C06S03,KENNEDY 3,09D05C06
09D05C06S04,KENNEDY 4,09D05C06
09D05C06S05,KENNEDY 5,09D05C06
09D05C07S01,TENGUEL 1,09D05C07
09D06C01S01,BELLAVISTA 1,09D06C01
09D06C01S02,BELLAVISTA 2,09D06C01
09D06C01S03,BELLAVISTA 3,09D06C01
09D06C01S04,BELLAVISTA 4,09D06C01
09D06C01S05,BELLAVISTA 5,09D06C01
09D06C01S06,BELLAVISTA 6,09D06C01
09D06C02S01,MARTHA DE ROLDOS 1,09D06C02
09D06C02S02,MARTHA DE ROLDOS 2,09D06C02
09D06C02S03,MARTHA DE ROLDOS 3,09D06C02
09D06C02S04,MARTHA DE ROLDOS 4,09D06C02
09D06C02S05,MARTHA DE ROLDOS 5,09D06C02
09D06C02S06,MARTHA DE ROLDOS 6,09D06C02
09D06C02S07,MARTHA DE ROLDOS 7,09D06C02
09D06C02S08,MARTHA DE ROLDOS 8,09D06C02
09D06C03S01,SAMANES 1,09D06C03
09D06C03S02,SAMANES 2,09D06C03
09D06C03S03,SAMANES 3,09D06C03
09D06C04S01,JUAN MONTALVO 1,09D06C04
09D06C04S02,JUAN MONTALVO 2,09D06C04
09D06C04S03,JUAN MONTALVO 3,09D06C04
09D06C04S04,JUAN MONTALVO 4,09D06C04
09D06C04S05,JUAN MONTALVO 5,09D06C04
09D06C04S06,JUAN MONTALVO 6,09D06C04
09D06C05S01,FLORIDA 1,09D06C05
09D06C05S02,FLORIDA 2,09D06C05
09D06C05S03,FLORIDA 3,09D06C05
09D06C06S01,MAPASINGUE 1,09D06C06
09D06C06S02,MAPASINGUE 2,09D06C06
09D06C06S03,MAPASINGUE 3,09D06C06
09D06C06S04,MAPASINGUE 4,09D06C06
09D06C06S05,MAPASINGUE 5,09D06C06
09D07C01S01,MONTE BELLO 1,09D07C01
09D07C01S02,MONTE BELLO 2,09D07C01
09D07C01S03,MONTE BELLO 3,09D07C01
09D07C01S04,MONTE BELLO 4,09D07C01
09D07C02S01,BASTION POPULAR SUR 1,09D07C02
09D07C02S02,BASTION POPULAR SUR 2,09D07C02
09D07C02S03,BASTION POPULAR SUR 3,09D07C02
09D07C03S01,BASTION POPULAR NORTE 1,09D07C03
09D07C03S02,BASTION POPULAR NORTE 2,09D07C03
09D07C03S03,BASTION POPULAR NORTE 3,09D07C03
09D07C04S01,MUCHO LOTE 1,09D07C04
09D07C04S02,MUCHO LOTE 2,09D07C04
09D07C05S01,ORQUIDEAS 1,09D07C05
09D07C05S02,ORQUIDEAS 2,09D07C05
09D07C05S03,ORQUIDEAS 3,09D07C05
09D07C05S04,ORQUIDEAS 4,09D07C05
09D07C05S05,ORQUIDEAS 5,09D07C05
09D07C05S06,ORQUIDEAS 6,09D07C05
09D07C05S07,ORQUIDEAS 7,09D07C05
09D07C06S01,PASCUALES 1,09D07C06
09D07C06S02,PASCUALES 2,09D07C06
09D07C06S03,PASCUALES 3,09D07C06
09D07C06S04,PASCUALES 4,09D07C06
09D07C07S01,SAN FRANCISCO 1,09D07C07
09D07C07S02,SAN FRANCISCO 2,09D07C07
09D07C07S03,SAN FRANCISCO 3,09D07C07
09D07C07S04,SAN FRANCISCO 4,09D07C07
09D07C07S05,SAN FRANCISCO 5,09D07C07
09D07C08S01,PUENTE LUCIA 1,09D07C08
09D07C08S02,PUENTE LUCIA 2,09D07C08
09D08C01S01,NUEVA PROSPERINA 1,09D08C01
09D08C01S02,NUEVA PROSPERINA 2,09D08C01
09D08C01S03,NUEVA PROSPERINA 3,09D08C01
09D08C02S01,FORTIN 1,09D08C02
09D08C02S02,FORTIN 2,09D08C02
09D08C02S03,FORTIN 3,09D08C02
09D08C02S04,FORTIN 4,09D08C02
09D08C03S01,PARAISO LA FLOR 1,09D08C03
09D08C03S02,PARAISO LA FLOR 2,09D08C03
09D08C03S03,PARAISO LA FLOR 3,09D08C03
09D08C03S04,PARAISO LA FLOR 4,09D08C03
09D08C04S01,FLOR DE BASTION 1,09D08C04
09D08C04S02,FLOR DE BASTION 2,09D08C04
09D08C04S03,FLOR DE BASTION 3,09D08C04
09D08C04S05,FLOR DE BASTION 5,09D08C04
09D08C04S06,FLOR DE BASTION 6,09D08C04
09D08C04S07,FLOR DE BASTION 7,09D08C04
09D08C04S08,FLOR DE BASTION 8,09D08C04
09D08C04S09,FLOR DE BASTION 9,09D08C04
09D08C05S01,MONTE SINAI 1,09D08C05
09D08C05S02,MONTE SINAI 2,09D08C05
09D08C05S03,MONTE SINAI 3,09D08C05
09D08C05S04,MONTE SINAI 4,09D08C05
09D08C05S05,MONTE SINAI 5,09D08C05
09D08C05S06,MONTE SINAI 6,09D08C05
09D08C05S07,MONTE SINAI 7,09D08C05
09D08C05S08,MONTE SINAI 8,09D08C05
09D08C06S01,NUEVO GUAYAQUIL 1,09D08C06
09D08C06S02,NUEVO GUAYAQUIL 2,09D08C06
09D08C06S03,NUEVO GUAYAQUIL 3,09D08C06
09D08C06S04,NUEVO GUAYAQUIL 4,09D08C06
09D09C01S01,LOS CEIBOS 1,09D09C01
09D09C01S02,LOS CEIBOS 2,09D09C01
09D09C01S03,LOS CEIBOS 3,09D09C01
09D09C02S01,PUERTO HONDO 1,09D09C02
09D09C02S02,PUERTO HONDO 2,09D09C02
09D09C02S03,PUERTO HONDO 3,09D09C02
09D09C03S01,CHONGON 1,09D09C03
09D10C01S01,MORRO 1,09D10C01
09D10C02S01,POSORJA 1,09D10C02
09D10C03S01,PROGRESO 1,09D10C03
09D11C01S01,JUJAN ESTE 1,09D11C01
09D11C02S01,JUJAN OESTE 1,09D11C02
09D11C02S02,JUJAN OESTE 2,09D11C02
09D11C03S01,SIMON BOLIVAR 1,09D11C03
09D11C04S01,LORENZO DE GARAICOA 1,09D11C04
09D12C01S01,SAN CARLOS 1,09D12C01
09D12C02S01,BALAO 1,09D12C02
09D12C02S02,BALAO 2,09D12C02
09D12C03S01,NARANJAL CENTRO 1,09D12C03
09D12C04S01,NARANJAL SUR 1,09D12C04
09D12C04S02,NARANJAL SUR 2,09D12C04
09D12C05S01,JAIME ROLDOS 1,09D12C05
09D12C06S01,TAURA 1,09D12C06
09D12C06S02,TAURA 2,09D12C06
09D12C07S01,PUERTO INCA 1,09D12C07
09D12C08S01,VILLA NUEVA 1,09D12C08
09D13C01S01,BALZAR OESTE 1,09D13C01
09D13C02S01,LA GUAYAQUIL 1,09D13C02
09D13C03S01,ROSA PAREDES 1,09D13C03
09D13C04S01,BALZAR CENTRO 1,09D13C04
09D13C05S01,BALZAR SUR 1,09D13C05
09D13C06S01,COLIMES 1,09D13C06
09D13C06S02,COLIMES 2,09D13C06
09D13C07S01,COLIMES RURAL 1,09D13C07
09D13C08S01,SAN JACINTO 1,09D13C08
09D13C09S01,PALESTINA 1,09D13C09
09D13C09S02,PALESTINA 2,09D13C09
09D13C10S01,PALESTINA RURAL 1,09D13C10
09D14C01S01,PEDRO CARBO 1,09D14C01
09D14C01S02,PEDRO CARBO 2,09D14C01
09D14C02S01,ESTACADA 1,09D14C02
09D14C02S02,ESTACADA 2,09D14C02
09D14C03S01,SABANILLA 1,09D14C03
09D14C04S01,VALLE DE LA VIRGEN 1,09D14C04
09D14C05S01,LOMAS DE SARGENTILLO 1,09D14C05
09D14C05S02,LOMAS DE SARGENTILLO 2,09D14C05
09D14C06S01,ISIDRO AYORA 1,09D14C06
09D15C01S01,EL ROSARIO 1,09D15C01
09D15C02S01,PUERTO DEL MONO 1,09D15C02
09D15C03S01,CARLOS JULIO AROSEMENA 1,09D15C03
09D15C04S01,EMPALME SUROESTE 1,09D15C04
09D15C05S01,EMPALME SURESTE 1,09D15C05
09D15C06S01,EMPALME CENTRO 1,09D15C06
09D16C01S01,EL TRIUNFO ESTE 1,09D16C01
09D16C02S01,EL TRIUNFO OESTE 1,09D16C02
09D16C02S02,EL TRIUNFO OESTE 2,09D16C02
09D16C03S01,EL TRIUNFO CENTRO 1,09D16C03
09D16C04S01,BUCAY 1,09D16C04
09D17C01S01,BELLAVISTA 1,09D17C01
09D17C01S02,BELLAVISTA 2,09D17C01
09D17C02S01,UNIVERSITARIO 1,09D17C02
09D17C03S01,LAS PILAS 1,09D17C03
09D17C04S01,MAR NEGRO 1,09D17C04
09D17C05S01,CENTRO 1,09D17C05
09D17C05S02,CENTRO 2,09D17C05
09D17C06S01,VALDEZ 1,09D17C06
09D17C07S01,VISALTUR 1,09D17C07
09D17C07S02,VISALTUR 2,09D17C07
09D17C08S01,APOLO 1,09D17C08
09D17C09S01,ALMEIDA 1,09D17C09
09D17C09S02,ALMEIDA 2,09D17C09
09D17C10S01,SAN MIGUEL 1,09D17C10
09D17C10S02,SAN MIGUEL 2,09D17C10
09D17C11S01,SAN PEDRO 1,09D17C11
09D17C12S01,LAS PIÃ‘AS 1,09D17C12
09D17C12S02,LAS PIÃ‘AS 2,09D17C12
09D17C13S01,CHOBO 1,09D17C13
09D17C14S01,MARISCAL SUCRE 1,09D17C14
09D17C15S01,ROBERTO ASTUDILLO 1,09D17C15
09D18C01S01,NARANJITO ESTE 1,09D18C01
09D18C01S02,NARANJITO ESTE 2,09D18C01
09D18C02S01,NARANJITO SUR 1,09D18C02
09D18C03S01,NARANJITO CENTRO 1,09D18C03
09D18C04S01,MARCELINO MARIDUEÃ‘A 1,09D18C04
09D18C04S02,MARCELINO MARIDUEÃ‘A 2,09D18C04
09D19C01S01,LA YOLITA 1,09D19C01
09D19C02S01,JUAN BAUTISTA AGUIRRE 1,09D19C02
09D19C02S02,JUAN BAUTISTA AGUIRRE 2,09D19C02
09D19C03S01,DAULE CENTRO 1,09D19C03
09D19C03S02,DAULE CENTRO 2,09D19C03
09D19C04S01,LIMONAL 1,09D19C04
09D19C04S02,LIMONAL 2,09D19C04
09D19C05S01,LA T 1,09D19C05
09D19C06S01,LAS LOJAS 1,09D19C06
09D19C07S01,SANTA LUCIA 1,09D19C07
09D19C08S01,CABUYAL 1,09D19C08
09D19C09S01,PORVENIR 1,09D19C09
09D19C10S01,NOBOL 1,09D19C10
09D19C10S02,NOBOL 2,09D19C10
09D20C01S01,SALITRE NORTE 1,09D20C01
09D20C02S01,SALITRE SAUCES 1,09D20C02
09D20C02S02,SALITRE SAUCES 2,09D20C02
09D20C03S01,VERNAZA 1,09D20C03
09D20C04S01,VICTORIA 1,09D20C04
09D20C05S01,JUNQUILLAL 1,09D20C05
09D21C01S01,YAGUACHI SUR 1,09D21C01
09D21C02S01,YAGUACHI NORTE 1,09D21C02
09D21C03S01,BOLICHE 1,09D21C03
09D21C04S01,VIRGEN DE FATIMA 1,09D21C04
09D21C05S01,CONE 1,09D21C05
09D22C01S01,PLAYAS 1,09D22C01
09D22C01S02,PLAYAS 2,09D22C01
09D22C02S01,GENERAL VILLAMIL 1,09D22C02
09D22C02S02,GENERAL VILLAMIL 2,09D22C02
09D22C03S01,ENGABAO 1,09D22C03
09D23C01S01,SAMBORONDON 1,09D23C01
09D23C01S02,SAMBORONDON 2,09D23C01
09D23C01S03,SAMBORONDON 3,09D23C01
09D23C01S04,SAMBORONDON 4,09D23C01
09D23C01S05,SAMBORONDON 5,09D23C01
09D23C02S01,TARIFA 1,09D23C02
09D24C01S01,ABEL GILBERT 1,09D24C01
09D24C01S02,ABEL GILBERT 2,09D24C01
09D24C01S03,ABEL GILBERT 3,09D24C01
09D24C01S04,ABEL GILBERT 4,09D24C01
09D24C02S01,CENTRO 1,09D24C02
09D24C02S02,CENTRO 2,09D24C02
09D24C02S03,CENTRO 3,09D24C02
09D24C02S04,CENTRO 4,09D24C02
09D24C03S01,PANORAMA 1,09D24C03
09D24C03S02,PANORAMA 2,09D24C03
09D24C04S01,LA HERRADURA 1,09D24C04
09D24C05S01,RECREO 1,09D24C05
09D24C05S02,RECREO 2,09D24C05
09D24C05S03,RECREO 3,09D24C05
09D24C05S04,RECREO 4,09D24C05
09D24C05S05,RECREO 5,09D24C05
09D24C05S06,RECREO 6,09D24C05
09D24C05S07,RECREO 7,09D24C05
09D24C05S08,RECREO 8,09D24C05
09D24C06S01,DIVINO NIÃ‘O 1,09D24C06
09D24C06S02,DIVINO NIÃ‘O 2,09D24C06
09D24C06S03,DIVINO NIÃ‘O 3,09D24C06
09D24C06S04,DIVINO NIÃ‘O 4,09D24C06
09D24C07S01,ARBOLITO 1,09D24C07
09D24C07S02,ARBOLITO 2,09D24C07
09D24C07S03,ARBOLITO 3,09D24C07
09D24C08S01,LIGA CANTONAL 1,09D24C08
09D24C08S02,LIGA CANTONAL 2,09D24C08
10D01C01S01,ARCANGEL 1,10D01C01
10D01C01S02,ARCANGEL 2,10D01C01
10D01C02S01,CARANQUIS 1,10D01C02
10D01C02S02,CARANQUIS 2,10D01C02
10D01C03S01,LOS CEIBOS 1,10D01C03
10D01C04S01,GUAYABILLAS 1,10D01C04
10D01C04S02,GUAYABILLAS 2,10D01C04
10D01C05S01,COMPLEJO DEPORTIVO 1,10D01C05
10D01C06S01,LA FLORIDA 1,10D01C06
10D01C06S02,LA FLORIDA 2,10D01C06
10D01C07S01,AMAZONAS 1,10D01C07
10D01C07S02,AMAZONAS 2,10D01C07
10D01C08S01,LAS RIELES 1,10D01C08
10D01C08S02,LAS RIELES 2,10D01C08
10D01C09S01,LAS LOMAS 1,10D01C09
10D01C10S01,ESTADIO 1,10D01C10
10D01C10S02,ESTADIO 2,10D01C10
10D01C11S01,AZAYA 1,10D01C11
10D01C12S01,LAS TOTORAS 1,10D01C12
10D01C12S02,LAS TOTORAS 2,10D01C12
10D01C13S01,EL NOGAL 1,10D01C13
10D01C13S02,EL NOGAL 2,10D01C13
10D01C14S01,AMBUQUI 1,10D01C14
10D01C14S02,AMBUQUI 2,10D01C14
10D01C15S01,LA CAROLINA 1,10D01C15
10D01C16S01,SALINAS 1,10D01C16
10D01C17S01,LITA 1,10D01C17
10D01C18S01,GALO PLAZA 1,10D01C18
10D01C18S02,GALO PLAZA 2,10D01C18
10D01C19S01,PIMAMPIRO 1,10D01C19
10D01C20S01,LAS TERMAS 1,10D01C20
10D01C20S02,LAS TERMAS 2,10D01C20
10D01C21S01,ARRAYANES 1,10D01C21
10D01C22S01,BUENOS AIRES 1,10D01C22
10D02C01S01,ANDRADE MARIN 1,10D02C01
10D02C02S01,TEXTILERO 1,10D02C02
10D02C03S01,SAN ROQUE 1,10D02C03
10D02C04S01,LOS GUABOS 1,10D02C04
10D02C04S02,LOS GUABOS 2,10D02C04
10D02C05S01,EL JORDAN 1,10D02C05
10D02C06S01,LOS LAGOS 1,10D02C06
10D02C06S02,LOS LAGOS 2,10D02C06
10D02C07S01,LA MONTAÃ‘A 1,10D02C07
10D02C08S01,SAN LUIS 1,10D02C08
10D02C09S01,MOJANDA 1,10D02C09
10D02C10S01,LA CASCADA 1,10D02C10
10D02C10S02,LA CASCADA 2,10D02C10
10D02C11S01,GONZALEZ 1,10D02C11
10D02C12S01,SAN PABLO 1,10D02C12
10D02C13S01,PUERTO LAGO 1,10D02C13
10D02C15S01,QUICHINCHE 1,10D02C15
10D02C16S01,SELVA ALEGRE 1,10D02C16
10D03C01S01,COTACACHI 1,10D03C01
10D03C01S02,COTACACHI 2,10D03C01
10D03C02S01,QUIROGA 1,10D03C02
10D03C03S01,INTAG 1,10D03C03
10D03C04S01,LAS TOLAS 1,10D03C04
10D03C05S01,IMANTAG 1,10D03C05
10D03C06S01,LAS GOLONDRINAS 1,10D03C06
11D01C01S01,VILCABAMBA 1,11D01C01
11D01C02S01,YANGANA 1,11D01C02
11D01C03S01,MALACATOS 1,11D01C03
11D01C04S01,TAQUIL 1,11D01C04
11D01C04S02,TAQUIL 2,11D01C04
11D01C05S01,ZAMORA HUAYCO 1,11D01C05
11D01C06S01,ESTEBAN GODOY 1,11D01C06
11D01C06S02,ESTEBAN GODOY 2,11D01C06
11D01C07S01,EL PARAISO 1,11D01C07
11D01C08S01,CELI ROMAN 1,11D01C08
11D01C09S01,IV CENTENARIO 1,11D01C09
11D01C10S01,TEBAIDA 1,11D01C10
11D01C11S01,LOS MOLINOS 1,11D01C11
11D01C12S01,CHONTACRUZ 1,11D01C12
11D01C12S02,CHONTACRUZ 2,11D01C12
11D01C13S01,SAGRARIO 1,11D01C13
11D01C14S01,EL VALLE 1,11D01C14
11D01C15S01,CLODOVEO JARAMILLO 1,11D01C15
11D01C16S01,LA BANDA 1,11D01C16
11D01C16S02,LA BANDA 2,11D01C16
11D01C17S01,SAUCES NORTE 1,11D01C17
11D01C17S02,SAUCES NORTE 2,11D01C17
11D01C18S01,LA ARGELIA 1,11D01C18
11D01C19S01,CONSACOLA 1,11D01C19
11D01C20S01,SAN LUCAS 1,11D01C20
11D01C21S01,EL CISNE 1,11D01C21
11D01C21S02,EL CISNE 2,11D01C21
11D02C01S01,EL TAMBO 1,11D02C01
11D02C02S01,CATAMAYO NORTE 1,11D02C02
11D02C02S02,CATAMAYO NORTE 2,11D02C02
11D02C03S01,CATAMAYO SAN JOSE 1,11D02C03
11D02C04S01,GUAYQUICHUMA 1,11D02C04
11D02C05S01,SAN PEDRO DE LA BENDITA 1,11D02C05
11D02C06S01,CHAGUARPAMBA 1,11D02C06
11D02C07S01,BUENAVISTA 1,11D02C07
11D02C08S01,OLMEDO 1,11D02C08
11D02C09S01,LA TINGUE 1,11D02C09
11D03C01S01,CATACOCHA 1,11D03C01
11D03C02S01,YAMANA 1,11D03C02
11D03C03S01,LAURO GUERRERO 1,11D03C03
11D03C04S01,GUACHANAMA 1,11D03C04
11D03C05S01,ORIANGA 1,11D03C05
11D04C01S01,SABANILLA 1,11D04C01
11D04C01S02,SABANILLA 2,11D04C01
11D04C02S01,CELICA 1,11D04C02
11D04C03S01,EL ARENAL 1,11D04C03
11D04C03S02,EL ARENAL 2,11D04C03
11D04C04S01,ALAMOR 1,11D04C04
11D04C06S01,12 DE DICIEMBRE 1,11D04C06
11D04C07S01,PINDAL 1,11D04C07
11D05C01S01,JIMBURA 1,11D05C01
11D05C02S01,EL INGENIO 1,11D05C02
11D05C03S01,AMALUZA 1,11D05C03
11D06C01S01,COLAISACA 1,11D06C01
11D06C02S01,CARIAMANGA ESTE 1,11D06C02
11D06C03S01,CARIAMANGA OESTE 1,11D06C03
11D06C04S01,SANGUILLIN 1,11D06C04
11D06C05S01,LUCERO 1,11D06C05
11D06C06S01,CHANGAIMINA 1,11D06C06
11D06C07S01,GONZANAMA 1,11D06C07
11D06C08S01,NAMBACOLA 1,11D06C08
11D06C08S02,NAMBACOLA 2,11D06C08
11D06C09S01,SAN ANTONIO DE LAS ARADAS 1,11D06C09
11D07C01S01,MACARA 1,11D07C01
11D07C01S02,MACARA 2,11D07C01
11D07C02S01,LA VICTORIA 1,11D07C02
11D07C03S01,LA RAMA 1,11D07C03
11D07C04S01,SOZORANGA 1,11D07C04
11D07C05S01,TACAMOROS 1,11D07C05
11D08C01S01,URDANETA 1,11D08C01
11D08C02S01,SARAGURO 1,11D08C02
11D08C03S01,SAN PABLO DE TENTA 1,11D08C03
11D08C04S01,SELVA ALEGRE 1,11D08C04
11D08C05S01,SUMAYPAMBA 1,11D08C05
11D08C06S01,MANU 1,11D08C06
11D09C01S01,ZAPOTILLO 1,11D09C01
11D09C02S01,PALETILLAS 1,11D09C02
11D09C03S01,CAZADEROS 1,11D09C03
11D09C04S01,GARZAREAL 1,11D09C04
11D09C05S01,LIMONES 1,11D09C05
12D01C01S01,SAN JOSE DE JUJAN 1,12D01C01
12D01C02S01,PUERTA NEGRA 1,12D01C02
12D01C03S01,EL SALTO 1,12D01C03
12D01C04S01,BARREIRO 1,12D01C04
12D01C05S01,CENTRO 1,12D01C05
12D01C05S02,CENTRO 2,12D01C05
12D01C06S01,TERMINAL TERRESTRE 1,12D01C06
12D01C07S01,SABANA 1,12D01C07
12D01C07S02,SABANA 2,12D01C07
12D01C08S01,UNIVERSIDAD 1,12D01C08
12D01C08S02,UNIVERSIDAD 2,12D01C08
12D01C09S01,LA UNION 1,12D01C09
12D01C10S01,POSA DE MATE 1,12D01C10
12D01C11S01,PIMOCHA 1,12D01C11
12D01C11S02,PIMOCHA 2,12D01C11
12D01C12S01,MATA DE CACAO 1,12D01C12
12D01C12S02,MATA DE CACAO 2,12D01C12
12D01C12S03,MATA DE CACAO 3,12D01C12
12D01C12S04,MATA DE CACAO 4,12D01C12
12D01C13S01,CARACOL 1,12D01C13
12D01C14S01,MANTUANO 1,12D01C14
12D01C15S01,BABA 1,12D01C15
12D01C16S01,ISLA DE BEJUCAL 1,12D01C16
12D01C17S01,GUARE DE BABA 1,12D01C17
12D01C17S02,GUARE DE BABA 2,12D01C17
12D01C18S01,MONTALVO 1,12D01C18
12D01C19S01,LA ESMERALDA 1,12D01C19
12D01C19S02,LA ESMERALDA 2,12D01C19
12D02C01S01,PUEBLO VIEJO 1,12D02C01
12D02C02S01,SAN JUAN 1,12D02C02
12D02C02S02,SAN JUAN 2,12D02C02
12D02C03S01,PUERTO PECHICHE 1,12D02C03
12D02C04S01,PIJULLO 1,12D02C04
12D02C05S01,RICAURTE 1,12D02C05
12D02C06S01,CATARAMA 1,12D02C06
12D03C01S01,LA ESPERANZA 1,12D03C01
12D03C02S01,CONTROL 1,12D03C02
12D03C02S02,CONTROL 2,12D03C02
12D03C03S01,LA VALDRAMINA 1,12D03C03
12D03C04S01,LA MERCED 1,12D03C04
12D03C04S02,LA MERCED 2,12D03C04
12D03C05S01,GALO PLAZA 1,12D03C05
12D03C05S02,GALO PLAZA 2,12D03C05
12D03C05S03,GALO PLAZA 3,12D03C05
12D03C06S01,DIVINO NIÃ‘O 1,12D03C06
12D03C06S02,DIVINO NIÃ‘O 2,12D03C06
12D03C06S03,DIVINO NIÃ‘O 3,12D03C06
12D03C07S01,7 DE OCTUBRE 1,12D03C07
12D03C07S02,7 DE OCTUBRE 2,12D03C07
12D03C07S03,7 DE OCTUBRE 3,12D03C07
12D03C08S01,GUAYACAN 1,12D03C08
12D03C09S01,SAN CARLOS 1,12D03C09
12D03C10S01,ALEJO LASCANO 1,12D03C10
12D03C11S01,MOCACHE 1,12D03C11
12D03C11S02,MOCACHE 2,12D03C11
12D03C12S01,AGUAS FRIAS 1,12D03C12
12D04C01S01,ZAPOTAL NUEVO 1,12D04C01
12D04C02S01,ZAPOTAL 1,12D04C02
12D04C03S01,LA ERCILIA 1,12D04C03
12D04C04S01,VENTANAS NORTE 1,12D04C04
12D04C05S01,VENTANAS CENTRO 1,12D04C05
12D04C06S01,VENTANAS SUR 1,12D04C06
12D04C07S01,QUINSALOMA 1,12D04C07
12D05C01S01,ANTONIO SOTOMAYOR 1,12D05C01
12D05C02S01,BAGATELA 1,12D05C02
12D05C03S01,SANTA MARTHA 1,12D05C03
12D05C04S01,ABRAS DE MANTEQUILLA 1,12D05C04
12D05C05S01,VINCES NORTE 1,12D05C05
12D05C06S01,VINCES SUR 1,12D05C06
12D05C07S01,AUGUSTO VALENCIA 1,12D05C07
12D05C08S01,VINCES CENTRO 1,12D05C08
12D05C09S01,BALZAR DE VINCES 1,12D05C09
12D05C10S01,JAUNECHE 1,12D05C10
12D05C11S01,PALENQUE 1,12D05C11
12D06C01S01,FUMISA 1,12D06C01
12D06C02S01,LA RESERVA 1,12D06C02
12D06C03S01,BUENA FE OESTE 1,12D06C03
12D06C03S02,BUENA FE OESTE 2,12D06C03
12D06C04S01,BUENA FE ESTE 1,12D06C04
12D06C04S02,BUENA FE ESTE 2,12D06C04
12D06C05S01,PATRICIA PILAR 1,12D06C05
12D06C05S02,PATRICIA PILAR 2,12D06C05
12D06C06S01,EL VERGEL NORTE 1,12D06C06
12D06C07S01,LA NUEVA UNION 1,12D06C07
12D06C08S01,COSTA AZUL 1,12D06C08
12D06C09S01,EL VERGEL SUR 1,12D06C09
12D06C10S01,VALENCIA 1,12D06C10
13D01C01S01,COLON 1,13D01C01
13D01C01S02,COLON 2,13D01C01
13D01C02S01,NUEVO PORTOVIEJO 1,13D01C02
13D01C02S02,NUEVO PORTOVIEJO 2,13D01C02
13D01C03S01,LOS CEREZOS 1,13D01C03
13D01C03S02,LOS CEREZOS 2,13D01C03
13D01C03S03,LOS CEREZOS 3,13D01C03
13D01C04S01,EL FLORON 1,13D01C04
13D01C04S02,EL FLORON 2,13D01C04
13D01C04S03,EL FLORON 3,13D01C04
13D01C04S04,EL FLORON 4,13D01C04
13D01C05S01,SAN PABLO 1,13D01C05
13D01C05S02,SAN PABLO 2,13D01C05
13D01C06S01,PORTOVIEJO 1,13D01C06
13D01C06S02,PORTOVIEJO 2,13D01C06
13D01C06S03,PORTOVIEJO 3,13D01C06
13D01C07S01,PICOAZA 1,13D01C07
13D01C07S02,PICOAZA 2,13D01C07
13D01C08S01,MEJIA 1,13D01C08
13D01C09S01,EL GUABITO 1,13D01C09
13D01C10S01,CRUCITA 1,13D01C10
13D01C11S01,ALAJUELA 1,13D01C11
13D01C11S02,ALAJUELA 2,13D01C11
13D01C12S01,PUEBLO NUEVO 1,13D01C12
13D01C12S02,PUEBLO NUEVO 2,13D01C12
13D01C13S01,ABDON CALDERON 1,13D01C13
13D01C14S01,SAN PLACIDO 1,13D01C14
13D02C01S01,LOS ESTEROS 1,13D02C01
13D02C01S02,LOS ESTEROS 2,13D02C01
13D02C01S03,LOS ESTEROS 3,13D02C01
13D02C02S01,LA PRADERA 1,13D02C02
13D02C02S02,LA PRADERA 2,13D02C02
13D02C02S03,LA PRADERA 3,13D02C02
13D02C03S01,RIO DE CAÃ‘A 1,13D02C03
13D02C04S01,TARQUI 1,13D02C04
13D02C04S02,TARQUI 2,13D02C04
13D02C04S03,TARQUI 3,13D02C04
13D02C05S01,UNIVERSIDAD 1,13D02C05
13D02C05S02,UNIVERSIDAD 2,13D02C05
13D02C05S03,UNIVERSIDAD 3,13D02C05
13D02C06S01,MURCIELAGO 1,13D02C06
13D02C06S02,MURCIELAGO 2,13D02C06
13D02C07S01,CENTRO 1,13D02C07
13D02C07S02,CENTRO 2,13D02C07
13D02C08S01,MARIA AUXILIADORA 1,13D02C08
13D02C08S02,MARIA AUXILIADORA 2,13D02C08
13D02C08S03,MARIA AUXILIADORA 3,13D02C08
13D02C09S01,MIRAFLORES 1,13D02C09
13D02C09S02,MIRAFLORES 2,13D02C09
13D02C10S01,CUBA 1,13D02C10
13D02C10S02,CUBA 2,13D02C10
13D02C10S03,CUBA 3,13D02C10
13D02C10S04,CUBA 4,13D02C10
13D02C11S01,SAN JUAN 1,13D02C11
13D02C12S01,SAN MATEO 1,13D02C12
13D02C13S01,SAN LORENZO 1,13D02C13
13D02C14S01,LA PILA 1,13D02C14
13D02C15S01,LOS BAJOS 1,13D02C15
13D02C16S01,LEONIDAS PROAÃƒ?O 1,13D02C16
13D02C17S01,LA FABRIL 1,13D02C17
13D02C17S02,LA FABRIL 2,13D02C17
13D02C18S01,LA SEQUITA 1,13D02C18
13D02C19S01,MONTECRISTI 1,13D02C19
13D02C19S02,MONTECRISTI 2,13D02C19
13D02C20S01,JARAMIJO 1,13D02C20
13D02C20S02,JARAMIJO 2,13D02C20
13D03C01S01,SANCAN 1,13D03C01
13D03C02S01,SAN VICENTE 1,13D03C02
13D03C02S02,SAN VICENTE 2,13D03C02
13D03C03S01,PARQUE CENTRAL 1,13D03C03
13D03C04S01,JIPIJAPA 1,13D03C04
13D03C05S01,3 DE MAYO 1,13D03C05
13D03C06S01,LA AMERICA 1,13D03C06
13D03C07S01,JULCUY 1,13D03C07
13D03C09S01,PUERTO CAYO 1,13D03C09
13D03C10S01,PEDRO PABLO GOMEZ 1,13D03C10
13D03C11S01,PUERTO LOPEZ 1,13D03C11
13D04C01S01,LODANA 1,13D04C01
13D04C02S01,SANTA ANA DE VUELTA LARGA 1,13D04C02
13D04C03S01,SANTA ANA 1,13D04C03
13D04C04S01,CHAMUCAME 1,13D04C04
13D04C05S01,AYACUCHO 1,13D04C05
13D04C06S01,HONORATO VASQUEZ 1,13D04C06
13D04C07S01,LA UNION 1,13D04C07
13D04C08S01,SAN PABLO DE PUEBLO NUEVO 1,13D04C08
13D04C09S01,SIXTO DURAN BALLEN 1,13D04C09
13D04C10S01,NOBOA 1,13D04C10
13D04C11S01,24 DE MAYO 1,13D04C11
13D04C12S01,BELLAVISTA 1,13D04C12
13D04C13S01,OLMEDO 1,13D04C13
13D04C14S01,SAN ROQUE 1,13D04C14
13D05C01S01,LA BRAMADORA 1,13D05C01
13D05C02S01,EL CHAPARRAL 1,13D05C02
13D05C03S01,EL CARMEN 1,13D05C03
13D05C03S02,EL CARMEN 2,13D05C03
13D05C03S03,EL CARMEN 3,13D05C03
13D05C04S01,EL PORVENIR 1,13D05C04
13D05C05S01,EL PARAISO LA CATORCE 1,13D05C05
13D05C06S01,SAN PEDRO DE SUMA 1,13D05C06
13D05C06S02,SAN PEDRO DE SUMA 2,13D05C06
13D05C07S01,WILFRIDO LOOR MOREIRA 1,13D05C07
13D05C08S01,MANGA DEL CURA NORTE 1,13D05C08
13D05C09S01,MANGA DEL CURA SUR 1,13D05C09
13D06C01S01,CALCETA CENTRO 1,13D06C01
13D06C02S01,CALCETA SUR 1,13D06C02
13D06C03S01,TABLADO DEL TIGRE 1,13D06C03
13D06C04S01,QUIROGA 1,13D06C04
13D06C05S01,MEMBRILLO 1,13D06C05
13D06C06S01,JUNIN NORTE 1,13D06C06
13D06C07S01,JUNIN SUR 1,13D06C07
13D07C01S01,BEJUCO 1,13D07C01
13D07C01S02,BEJUCO 2,13D07C01
13D07C02S01,RANCHO VIEJO 1,13D07C02
13D07C03S01,SAN ANDRES 1,13D07C03
13D07C04S01,CENTRO 1,13D07C04
13D07C05S01,SANTA RITA 1,13D07C05
13D07C06S01,TRES PUERTOS 1,13D07C06
13D07C07S01,CONVENTO 1,13D07C07
13D07C08S01,ELOY ALFARO 1,13D07C08
13D07C09S01,BOYACA 1,13D07C09
13D07C10S01,RICAURTE 1,13D07C10
13D07C11S01,SAN ANTONIO 1,13D07C11
13D07C11S02,SAN ANTONIO 2,13D07C11
13D07C12S01,CANUTO 1,13D07C12
13D07C13S01,BEJUQUILLO 1,13D07C13
13D07C14S01,CHIBUNGA 1,13D07C14
13D07C15S01,FLAVIO ALFARO 1,13D07C15
13D07C16S01,PALALACHE 1,13D07C16
13D07C17S01,PALANQUITA 1,13D07C17
13D07C18S01,SAN FRANCISCO DE NOVILLO 1,13D07C18
13D07C19S01,ZAPALLO 1,13D07C19
13D08C01S01,SANTA ROSA 1,13D08C01
13D08C02S01,EL DESVIO 1,13D08C02
13D08C03S01,PICHINCHA 1,13D08C03
13D08C03S02,PICHINCHA 2,13D08C03
13D08C04S01,SAN SEBASTIAN 1,13D08C04
13D08C05S01,BARRAGANETE 1,13D08C05
13D08C06S01,RIO VENDIDO 1,13D08C06
13D09C01S01,MONUMENTOS 1,13D09C01
13D09C02S01,CAMPOZANO 1,13D09C02
13D09C03S01,TIERRAS AMARILLAS 1,13D09C03
13D09C04S01,LASCANO 1,13D09C04
13D09C05S01,GUALE 1,13D09C05
13D09C06S01,CASCOL 1,13D09C06
13D10C01S01,ACHIOTE 1,13D10C01
13D10C02S01,PEDERNALES SUR 1,13D10C02
13D10C03S01,PEDERNALES NORTE 1,13D10C03
13D10C04S01,BECHE 1,13D10C04
13D10C05S01,COJIMIES 1,13D10C05
13D10C06S01,10 DE AGOSTO 1,13D10C06
13D10C07S01,ATAHUALPA 1,13D10C07
13D10C08S01,JAMA 1,13D10C08
13D10C09S01,BOCA DE BIGUA 1,13D10C09
13D11C01S01,BAHIA 1,13D11C01
13D11C01S02,BAHIA 2,13D11C01
13D11C02S01,LAS CORONAS 1,13D11C02
13D11C03S01,CHARAPOTO 1,13D11C03
13D11C03S02,CHARAPOTO 2,13D11C03
13D11C04S01,SAN ISIDRO 1,13D11C04
13D11C05S01,SAN VICENTE 1,13D11C05
13D11C05S02,SAN VICENTE 2,13D11C05
13D11C06S01,CANOA 1,13D11C06
13D12C01S01,ROCAFUERTE 1,13D12C01
13D12C01S02,ROCAFUERTE 2,13D12C01
13D12C02S01,DANZARIN 1,13D12C02
13D12C03S01,LA FLORIDA 1,13D12C03
13D12C04S01,JUNCO 1,13D12C04
13D12C05S01,BACHILLERO 1,13D12C05
13D12C05S02,BACHILLERO 2,13D12C05
14D01C01S01,GENERAL PROAÃ‘O 1,14D01C01
14D01C02S01,SINAI 1,14D01C02
14D01C03S01,RIO BLANCO 1,14D01C03
14D01C04S01,9 DE OCTUBRE 1,14D01C04
14D01C05S01,MACAS 1,14D01C05
14D01C05S02,MACAS 2,14D01C05
14D01C06S01,SEVILLA DON BOSCO 1,14D01C06
14D01C06S02,SEVILLA DON BOSCO 2,14D01C06
14D01C07S01,CUCHAENTZA 1,14D01C07
14D02C01S01,PALORA 1,14D02C01
14D02C02S01,SANGAY CENTRO 1,14D02C02
14D02C03S01,HUAMBOYA 1,14D02C03
14D02C04S01,PABLO SEXTO 1,14D02C04
14D03C01S01,HUAMBI 1,14D03C01
14D03C02S01,SUCUA 1,14D03C02
14D03C03S01,LOGROÃ‘O 1,14D03C03
14D04C01S01,EL ROSARIO 1,14D04C01
14D04C02S01,AMAZONAS 1,14D04C02
14D04C04S01,BOMBOIZA 1,14D04C04
14D04C05S01,GUALAQUIZA 1,14D04C05
14D04C05S02,GUALAQUIZA 2,14D04C05
14D04C06S01,SAN JUAN BOSCO 1,14D04C06
14D04C07S01,PANANZA 1,14D04C07
14D05C01S01,MACUMA 1,14D05C01
14D05C02S01,TAISHA CENTRO 1,14D05C02
14D05C03S01,FRONTERA 1,14D05C03
14D06C01S01,INDANZA 1,14D06C01
14D06C02S01,LIMON 1,14D06C02
14D06C03S01,YUNGANZA 1,14D06C03
14D06C04S01,PATUCA 1,14D06C04
14D06C05S01,SANTIAGO DE MENDEZ 1,14D06C05
14D06C06S01,TWINTZA 1,14D06C06
15D01C01S01,ARCHIDONA 1,15D01C01
15D01C02S01,KM 24 1,15D01C02
15D01C03S01,AROSEMENA TOLA 1,15D01C03
15D01C04S01,AEROPUERTO 1,15D01C04
15D01C04S02,AEROPUERTO 2,15D01C04
15D01C05S01,PALANDACOCHA 1,15D01C05
15D01C05S02,PALANDACOCHA 2,15D01C05
15D01C06S01,TALAG 1,15D01C06
15D01C07S01,MISAHUALLI 1,15D01C07
15D01C07S02,MISAHUALLI 2,15D01C07
15D01C08S01,YURALPA 1,15D01C08
15D01C09S01,AHUANO 1,15D01C09
15D02C01S01,EL CHACO 1,15D02C01
15D02C02S01,LINARES 1,15D02C02
15D02C03S01,SANTA ROSA 1,15D02C03
15D02C04S01,OYACACHI 1,15D02C04
15D02C05S01,SAN FRANCISCO DE BORJA 1,15D02C05
15D02C05S02,SAN FRANCISCO DE BORJA 2,15D02C05
15D02C06S01,PAPALLACTA 1,15D02C06
16D01C01S01,PUYO SUR 1,16D01C01
16D01C01S02,PUYO SUR 2,16D01C01
16D01C01S03,PUYO SUR 3,16D01C01
16D01C02S01,PUYO NORTE 1,16D01C02
16D01C02S02,PUYO NORTE 2,16D01C02
16D01C03S01,CANELOS 1,16D01C03
16D01C03S02,CANELOS 2,16D01C03
16D01C04S01,SARAYACU 1,16D01C04
16D01C05S01,10 DE AGOSTO 1,16D01C05
16D01C06S01,TARQUI 1,16D01C06
16D01C07S01,FATIMA 1,16D01C07
16D01C09S01,RIO TIGRE 1,16D01C09
16D01C10S01,MONTALVO 1,16D01C10
16D01C11S01,SHELL MERA 1,16D01C11
16D01C11S02,SHELL MERA 2,16D01C11
16D01C12S01,SANTA CLARA 1,16D01C12
16D02C01S01,ARAJUNO POBLADO 1,16D02C01
16D02C02S01,ARAJUNO SELVA 1,16D02C02
17D01C01S01,PACTO 1,17D01C01
17D01C01S02,PACTO 2,17D01C01
17D01C02S01,GUALEA 1,17D01C02
17D01C03S01,NANEGAL 1,17D01C03
17D01C04S01,NANEGALITO 1,17D01C04
17D02C01S01,LOS LLANOS 1,17D02C01
17D02C01S02,LOS LLANOS 2,17D02C01
17D02C02S01,CALDERON 1,17D02C02
17D02C02S02,CALDERON 2,17D02C02
17D02C02S03,CALDERON 3,17D02C02
17D02C02S04,CALDERON 4,17D02C02
17D02C03S01,SAN JUAN DE CALDERON 1,17D02C03
17D02C03S02,SAN JUAN DE CALDERON 2,17D02C03
17D02C04S01,BELLAVISTA DE CALDERON 1,17D02C04
17D02C05S01,LADERAS DE SAN FRANCISCO 1,17D02C05
17D02C06S01,OYACOTO 1,17D02C06
17D02C07S01,CARAPUNGO 1,17D02C07
17D02C07S02,CARAPUNGO 2,17D02C07
17D02C07S03,CARAPUNGO 3,17D02C07
17D02C08S01,BICENTENARIO 1,17D02C08
17D02C08S02,BICENTENARIO 2,17D02C08
17D02C09S01,LLANO CHICO 1,17D02C09
17D02C10S01,GUAYLLABAMBA 1,17D02C10
17D02C10S02,GUAYLLABAMBA 2,17D02C10
17D03C01S01,PUELLARO 1,17D03C01
17D03C02S02,PERUCHO 2,17D03C02
17D03C02S03,PERUCHO 3,17D03C02
17D03C03S01,SAN JOSE DE MINAS OCCIDENTE 1,17D03C03
17D03C04S01,SAN JOSE DE MINAS ORIENTE 1,17D03C04
17D03C05S01,LA ROLDOS 1,17D03C05
17D03C05S02,LA ROLDOS 2,17D03C05
17D03C05S03,LA ROLDOS 3,17D03C05
17D03C05S04,LA ROLDOS 4,17D03C05
17D03C06S01,COLINAS DEL NORTE 1,17D03C06
17D03C06S02,COLINAS DEL NORTE 2,17D03C06
17D03C06S03,COLINAS DEL NORTE 3,17D03C06
17D03C07S01,MENA DEL HIERRO 1,17D03C07
17D03C08S01,EL CONDADO 1,17D03C08
17D03C08S02,EL CONDADO 2,17D03C08
17D03C08S03,EL CONDADO 3,17D03C08
17D03C09S01,PONCIANO 1,17D03C09
17D03C09S02,PONCIANO 2,17D03C09
17D03C09S03,PONCIANO 3,17D03C09
17D03C10S01,SAN ANTONIO BAJO 1,17D03C10
17D03C11S01,SAN ANTONIO ALTO 1,17D03C11
17D03C12S01,NONO 1,17D03C12
17D03C13S01,COTOCOLLAO 1,17D03C13
17D03C13S02,COTOCOLLAO 2,17D03C13
17D03C13S03,COTOCOLLAO 3,17D03C13
17D03C13S04,COTOCOLLAO 4,17D03C13
17D03C14S01,POMASQUI 1,17D03C14
17D03C14S02,POMASQUI 2,17D03C14
17D03C14S03,POMASQUI 3,17D03C14
17D03C15S01,LA PAMPA 1,17D03C15
17D03C16S01,CALACALI 1,17D03C16
17D03C17S01,CARCELEN 1,17D03C17
17D03C17S02,CARCELEN 2,17D03C17
17D03C17S03,CARCELEN 3,17D03C17
17D03C17S04,CARCELEN 4,17D03C17
17D03C17S05,CARCELEN 5,17D03C17
17D03C18S01,LA BOTA 1,17D03C18
17D03C18S02,LA BOTA 2,17D03C18
17D03C19S01,EL MIRADOR 1,17D03C19
17D03C19S02,EL MIRADOR 2,17D03C19
17D03C19S03,EL MIRADOR 3,17D03C19
17D04C01S01,MONJAS COLLACOTO 1,17D04C01
17D04C01S02,MONJAS COLLACOTO 2,17D04C01
17D04C01S03,MONJAS COLLACOTO 3,17D04C01
17D04C01S04,MONJAS COLLACOTO 4,17D04C01
17D04C02S01,PUENGASI 1,17D04C02
17D04C02S02,PUENGASI 2,17D04C02
17D04C02S03,PUENGASI 3,17D04C02
17D04C02S04,PUENGASI 4,17D04C02
17D04C03S01,CENTRO HISTORICO 1,17D04C03
17D04C03S02,CENTRO HISTORICO 2,17D04C03
17D04C03S03,CENTRO HISTORICO 3,17D04C03
17D04C03S04,CENTRO HISTORICO 4,17D04C03
17D04C03S05,CENTRO HISTORICO 5,17D04C03
17D04C04S01,PANECILLO 1,17D04C04
17D04C04S02,PANECILLO 2,17D04C04
17D04C04S03,PANECILLO 3,17D04C04
17D04C04S04,PANECILLO 4,17D04C04
17D04C04S05,PANECILLO 5,17D04C04
17D04C05S01,EL PLACER 1,17D04C05
17D04C05S02,EL PLACER 2,17D04C05
17D04C05S03,EL PLACER 3,17D04C05
17D04C06S01,SAN JUAN 1,17D04C06
17D04C06S02,SAN JUAN 2,17D04C06
17D04C06S03,SAN JUAN 3,17D04C06
17D04C06S04,SAN JUAN 4,17D04C06
17D04C07S01,LA LIBERTAD 1,17D04C07
17D04C07S02,LA LIBERTAD 2,17D04C07
17D04C07S03,LA LIBERTAD 3,17D04C07
17D04C08S01,ITCHIMBIA 1,17D04C08
17D04C08S02,ITCHIMBIA 2,17D04C08
17D04C08S03,ITCHIMBIA 3,17D04C08
17D04C08S04,ITCHIMBIA 4,17D04C08
17D05C01S01,AEROPUERTO 1,17D05C01
17D05C01S02,AEROPUERTO 2,17D05C01
17D05C01S03,AEROPUERTO 3,17D05C01
17D05C01S04,AEROPUERTO 4,17D05C01
17D05C02S01,LA MARISCAL 1,17D05C02
17D05C02S02,LA MARISCAL 2,17D05C02
17D05C02S03,LA MARISCAL 3,17D05C02
17D05C02S04,LA MARISCAL 4,17D05C02
17D05C02S05,LA MARISCAL 5,17D05C02
17D05C02S06,LA MARISCAL 6,17D05C02
17D05C02S07,LA MARISCAL 7,17D05C02
17D05C03S01,LAS CASAS 1,17D05C03
17D05C03S02,LAS CASAS 2,17D05C03
17D05C04S01,UNIVERSITARIO 1,17D05C04
17D05C04S02,UNIVERSITARIO 2,17D05C04
17D05C04S03,UNIVERSITARIO 3,17D05C04
17D05C05S01,SAN ISIDRO DEL INCA 1,17D05C05
17D05C05S02,SAN ISIDRO DEL INCA 2,17D05C05
17D05C05S03,SAN ISIDRO DEL INCA 3,17D05C05
17D05C05S04,SAN ISIDRO DEL INCA 4,17D05C05
17D05C06S01,EL BOSQUE 1,17D05C06
17D05C06S02,EL BOSQUE 2,17D05C06
17D05C06S03,EL BOSQUE 3,17D05C06
17D05C06S04,EL BOSQUE 4,17D05C06
17D05C06S05,EL BOSQUE 5,17D05C06
17D05C07S01,DAMMER 1,17D05C07
17D05C07S02,DAMMER 2,17D05C07
17D05C08S01,KENNEDY 1,17D05C08
17D05C08S02,KENNEDY 2,17D05C08
17D05C08S03,KENNEDY 3,17D05C08
17D05C08S04,KENNEDY 4,17D05C08
17D05C08S05,KENNEDY 5,17D05C08
17D05C09S01,NAYON 1,17D05C09
17D05C09S02,NAYON 2,17D05C09
17D05C10S01,IÃ‘AQUITO 1,17D05C10
17D05C10S02,IÃ‘AQUITO 2,17D05C10
17D05C10S03,IÃ‘AQUITO 3,17D05C10
17D05C10S04,IÃ‘AQUITO 4,17D05C10
17D05C10S05,IÃ‘AQUITO 5,17D05C10
17D05C10S06,IÃ‘AQUITO 6,17D05C10
17D05C11S01,COCHAPAMBA 1,17D05C11
17D05C11S02,COCHAPAMBA 2,17D05C11
17D05C11S03,COCHAPAMBA 3,17D05C11
17D05C11S04,COCHAPAMBA 4,17D05C11
17D05C11S05,COCHAPAMBA 5,17D05C11
17D05C12S01,JIPIJAPA 1,17D05C12
17D05C12S02,JIPIJAPA 2,17D05C12
17D05C12S03,JIPIJAPA 3,17D05C12
17D05C12S04,JIPIJAPA 4,17D05C12
17D05C13S01,ZAMBIZA 1,17D05C13
17D06C01S01,CHILIBULO 1,17D06C01
17D06C01S02,CHILIBULO 2,17D06C01
17D06C01S03,CHILIBULO 3,17D06C01
17D06C01S04,CHILIBULO 4,17D06C01
17D06C01S05,CHILIBULO 5,17D06C01
17D06C01S06,CHILIBULO 6,17D06C01
17D06C02S01,EL CALZADO 1,17D06C02
17D06C02S02,EL CALZADO 2,17D06C02
17D06C02S03,EL CALZADO 3,17D06C02
17D06C03S01,SANTA ANITA 1,17D06C03
17D06C03S02,SANTA ANITA 2,17D06C03
17D06C03S03,SANTA ANITA 3,17D06C03
17D06C04S01,CHIMBACALLE 1,17D06C04
17D06C04S02,CHIMBACALLE 2,17D06C04
17D06C04S03,CHIMBACALLE 3,17D06C04
17D06C04S04,CHIMBACALLE 4,17D06C04
17D06C05S01,ARGELIA 1,17D06C05
17D06C05S02,ARGELIA 2,17D06C05
17D06C05S03,ARGELIA 3,17D06C05
17D06C05S04,ARGELIA 4,17D06C05
17D06C05S05,ARGELIA 5,17D06C05
17D06C05S06,ARGELIA 6,17D06C05
17D06C05S07,ARGELIA 7,17D06C05
17D06C05S08,ARGELIA 8,17D06C05
17D06C06S01,SOLANDA 1,17D06C06
17D06C06S02,SOLANDA 2,17D06C06
17D06C06S03,SOLANDA 3,17D06C06
17D06C06S04,SOLANDA 4,17D06C06
17D06C07S01,BARRIO NUEVO 1,17D06C07
17D06C07S02,BARRIO NUEVO 2,17D06C07
17D06C07S03,BARRIO NUEVO 3,17D06C07
17D06C08S01,MENA 1,17D06C08
17D06C08S02,MENA 2,17D06C08
17D06C08S03,MENA 3,17D06C08
17D06C08S04,MENA 4,17D06C08
17D06C08S05,MENA 5,17D06C08
17D06C09S01,LLOA 1,17D06C09
17D06C10S01,MAGDALENA 1,17D06C10
17D06C10S02,MAGDALENA 2,17D06C10
17D06C10S03,MAGDALENA 3,17D06C10
17D06C10S04,MAGDALENA 4,17D06C10
17D06C11S01,FERROVIARIA 1,17D06C11
17D06C11S02,FERROVIARIA 2,17D06C11
17D06C11S03,FERROVIARIA 3,17D06C11
17D06C11S04,FERROVIARIA 4,17D06C11
17D06C11S05,FERROVIARIA 5,17D06C11
17D06C11S06,FERROVIARIA 6,17D06C11
17D07C01S01,CHILLOGALLO 1,17D07C01
17D07C01S02,CHILLOGALLO 2,17D07C01
17D07C01S03,CHILLOGALLO 3,17D07C01
17D07C01S04,CHILLOGALLO 4,17D07C01
17D07C01S05,CHILLOGALLO 5,17D07C01
17D07C01S06,CHILLOGALLO 6,17D07C01
17D07C02S01,GUAMANI 1,17D07C02
17D07C02S02,GUAMANI 2,17D07C02
17D07C02S03,GUAMANI 3,17D07C02
17D07C02S04,GUAMANI 4,17D07C02
17D07C02S05,GUAMANI 5,17D07C02
17D07C03S01,LAS CUADRAS 1,17D07C03
17D07C03S02,LAS CUADRAS 2,17D07C03
17D07C03S03,LAS CUADRAS 3,17D07C03
17D07C04S01,QUITUMBE 1,17D07C04
17D07C04S02,QUITUMBE 2,17D07C04
17D07C04S03,QUITUMBE 3,17D07C04
17D07C04S04,QUITUMBE 4,17D07C04
17D07C05S01,TURUBAMBA 1,17D07C05
17D07C05S02,TURUBAMBA 2,17D07C05
17D07C05S03,TURUBAMBA 3,17D07C05
17D07C05S04,TURUBAMBA 4,17D07C05
17D07C05S05,TURUBAMBA 5,17D07C05
17D07C05S06,TURUBAMBA 6,17D07C05
17D07C06S01,ECUATORIANA 1,17D07C06
17D07C06S02,ECUATORIANA 2,17D07C06
17D07C06S03,ECUATORIANA 3,17D07C06
17D07C06S04,ECUATORIANA 4,17D07C06
17D08C01S01,CONOCOTO NORTE 1,17D08C01
17D08C01S02,CONOCOTO NORTE 2,17D08C01
17D08C01S03,CONOCOTO NORTE 3,17D08C01
17D08C01S04,CONOCOTO NORTE 4,17D08C01
17D08C01S05,CONOCOTO NORTE 5,17D08C01
17D08C02S01,CONOCOTO SUR 1,17D08C02
17D08C02S02,CONOCOTO SUR 2,17D08C02
17D08C03S01,SANTA ROSA 1,17D08C03
17D08C04S01,PINTAG 1,17D08C04
17D08C04S02,PINTAG 2,17D08C04
17D08C05S01,SANTA ISABEL 1,17D08C05
17D08C06S01,AMAGUAÃ‘A CENTRO 1,17D08C06
17D08C07S01,EL EJIDO 1,17D08C07
17D08C08S01,ALANGASI 1,17D08C08
17D08C08S02,ALANGASI 2,17D08C08
17D08C09S01,GUANGOPOLO 1,17D08C09
17D08C10S01,LA MERCED 1,17D08C10
17D09C01S01,TUMBACO 1,17D09C01
17D09C01S02,TUMBACO 2,17D09C01
17D09C02S01,TUMBACO SUR 1,17D09C02
17D09C02S02,TUMBACO SUR 2,17D09C02
17D09C03S01,VIA LACTEA 1,17D09C03
17D09C04S01,CUMBAYA SUR 1,17D09C04
17D09C04S02,CUMBAYA SUR 2,17D09C04
17D09C04S03,CUMBAYA SUR 3,17D09C04
17D09C05S01,PIFO 1,17D09C05
17D09C05S02,PIFO 2,17D09C05
17D09C06S01,TABLON 1,17D09C06
17D09C07S01,YARUQUI 1,17D09C07
17D09C07S02,YARUQUI 2,17D09C07
17D09C08S01,QUINCHE 1,17D09C08
17D09C08S02,QUINCHE 2,17D09C08
17D09C09S01,PUEMBO 1,17D09C09
17D09C10S01,CHECA 1,17D09C10
17D09C11S01,TABABELA 1,17D09C11
17D10C01S01,EL PRADO 1,17D10C01
17D10C02S01,CAYAMBE NORTE 1,17D10C02
17D10C02S02,CAYAMBE NORTE 2,17D10C02
17D10C02S03,CAYAMBE NORTE 3,17D10C02
17D10C03S01,CAYAMBE SUR 1,17D10C03
17D10C03S02,CAYAMBE SUR 2,17D10C03
17D10C04S01,CANGAGUA 1,17D10C04
17D10C05S01,CUSUBAMBA 1,17D10C05
17D10C05S02,CUSUBAMBA 2,17D10C05
17D10C06S01,OLMEDO 1,17D10C06
17D10C07S01,TABACUNDO 1,17D10C07
17D10C07S02,TABACUNDO 2,17D10C07
17D10C08S01,MALCHINGUI 1,17D10C08
17D10C08S02,MALCHINGUI 2,17D10C08
17D11C01S01,MACHACHI SUR 1,17D11C01
17D11C02S01,MACHACHI NORTE 1,17D11C02
17D11C02S02,MACHACHI NORTE 2,17D11C02
17D11C03S01,CUTUGLAGUA 1,17D11C03
17D11C03S02,CUTUGLAGUA 2,17D11C03
17D11C04S01,PASOCHOA 1,17D11C04
17D11C04S02,PASOCHOA 2,17D11C04
17D11C05S01,ALOAG 1,17D11C05
17D11C06S01,TANDAPI 1,17D11C06
17D11C07S01,ILINIZAS 1,17D11C07
17D11C07S02,ILINIZAS 2,17D11C07
17D11C08S01,RURAL 1,17D11C08
17D11C08S02,RURAL 2,17D11C08
17D11C09S01,MOLINUCO 1,17D11C09
17D11C09S02,MOLINUCO 2,17D11C09
17D11C10S01,RUMIÃ‘AHUI 1,17D11C10
17D11C10S02,RUMIÃ‘AHUI 2,17D11C10
17D11C11S01,SAN RAFAEL 1,17D11C11
17D11C11S02,SAN RAFAEL 2,17D11C11
17D11C12S01,SANGOLQUI 1,17D11C12
17D11C12S02,SANGOLQUI 2,17D11C12
17D11C12S03,SANGOLQUI 3,17D11C12
17D11C13S01,FAJARDO 1,17D11C13
17D11C13S02,FAJARDO 2,17D11C13
17D12C01S01,MALDONADO 1,17D12C01
17D12C01S02,MALDONADO 2,17D12C01
17D12C01S03,MALDONADO 3,17D12C01
17D12C02S01,PUERTO QUITO NORTE 1,17D12C02
17D12C02S02,PUERTO QUITO NORTE 2,17D12C02
17D12C03S01,PUERTO QUITO SUR 1,17D12C03
17D12C03S02,PUERTO QUITO SUR 2,17D12C03
17D12C04S01,LOS BANCOS 1,17D12C04
17D12C04S02,LOS BANCOS 2,17D12C04
17D12C04S03,LOS BANCOS 3,17D12C04
17D12C04S04,LOS BANCOS 4,17D12C04
18D01C01S01,MIRAFLORES 1,18D01C01
18D01C02S01,JARDIN AMBATEÐO 1,18D01C02
18D01C03S01,LA MATRIZ  1,18D01C03
18D01C03S02,LA MATRIZ  2,18D01C03
18D01C04S01,ATOCHA FICOA 1,18D01C04
18D01C04S02,ATOCHA FICOA 2,18D01C04
18D01C05S01,LA VICTORIA 1,18D01C05
18D01C05S02,LA VICTORIA 2,18D01C05
18D01C06S01,INGAURCO 1,18D01C06
18D01C07S01,PASA 1,18D01C07
18D01C08S01,SAN BARTOLOME DE PINLLO 1,18D01C08
18D01C08S02,SAN BARTOLOME DE PINLLO 2,18D01C08
18D01C09S01,QUISAPINCHA 1,18D01C09
18D01C10S01,ATAHUALPA 1,18D01C10
18D01C10S02,ATAHUALPA 2,18D01C10
18D01C11S01,CUNCHIBAMBA 1,18D01C11
18D01C11S02,CUNCHIBAMBA 2,18D01C11
18D01C12S01,IZAMBA 1,18D01C12
18D02C01S01,HUACHI EL BELEN 1,18D02C01
18D02C01S02,HUACHI EL BELEN 2,18D02C01
18D02C02S01,LETAMENDI 1,18D02C02
18D02C02S02,LETAMENDI 2,18D02C02
18D02C03S01,SAN ANTONIO 1,18D02C03
18D02C03S02,SAN ANTONIO 2,18D02C03
18D02C04S01,NUEVA AMBATO 1,18D02C04
18D02C04S02,NUEVA AMBATO 2,18D02C04
18D02C05S01,TECHO PROPIO 1,18D02C05
18D02C06S01,PISHIDATA 1,18D02C06
18D02C07S01,SIMON BOLIVAR 1,18D02C07
18D02C07S02,SIMON BOLIVAR 2,18D02C07
18D02C08S01,MINARICA 1,18D02C08
18D02C08S02,MINARICA 2,18D02C08
18D02C09S01,PILAHUIN 1,18D02C09
18D02C09S02,PILAHUIN 2,18D02C09
18D02C10S01,SANTA ROSA 1,18D02C10
18D02C11S01,PICAIHUA 1,18D02C11
18D02C11S02,PICAIHUA 2,18D02C11
18D02C12S01,HUACHI GRANDE 1,18D02C12
18D03C01S01,BAÑOS 1,18D03C01
18D03C01S02,BAÑOS 2,18D03C01
18D03C02S01,RIO NEGRO 1,18D03C02
18D04C01S01,PATATE 1,18D04C01
18D04C01S02,PATATE 2,18D04C01
18D04C01S03,PATATE 3,18D04C01
18D04C02S01,PELILEO GRANDE 1,18D04C02
18D04C03S01,EL TAMBO 1,18D04C03
18D04C04S01,PELILEO SUR 1,18D04C04
18D04C05S01,SALASACA 1,18D04C05
18D04C05S02,SALASACA 2,18D04C05
18D04C06S01,GARCIA MORENO 1,18D04C06
18D04C07S01,COTALO 1,18D04C07
18D04C07S02,COTALO 2,18D04C07
18D04C07S03,COTALO 3,18D04C07
18D05C01S01,PILLARO 1,18D05C01
18D05C01S02,PILLARO 2,18D05C01
18D05C02S01,SAN MIGUELITO 1,18D05C02
18D05C02S02,SAN MIGUELITO 2,18D05C02
18D05C03S01,SAN ANDRES 1,18D05C03
18D05C03S02,SAN ANDRES 2,18D05C03
18D06C01S01,CEVALLOS 1,18D06C01
18D06C02S01,MOCHA 1,18D06C02
18D06C03S01,QUERO 1,18D06C03
18D06C04S01,RUMIPAMBA 1,18D06C04
18D06C05S01,TISALEO 1,18D06C05
19D01C01S01,CENTRO 1,19D01C01
19D01C02S01,LA CHACRA 1,19D01C02
19D01C03S01,SABANILLA 1,19D01C03
19D01C05S01,GUADALUPE 1,19D01C05
19D01C06S01,NAMBIJA 1,19D01C06
19D01C06S02,NAMBIJA 2,19D01C06
19D01C07S01,YACUAMBI 1,19D01C07
19D01C08S01,LA PAZ 1,19D01C08
19D01C09S01,TUTUPALI 1,19D01C09
19D02C01S01,GUAYZIMI 1,19D02C01
19D02C02S01,ZURMI 1,19D02C02
19D02C03S01,NUEVO PASAISO 1,19D02C03
19D02C04S01,ZUMBI 1,19D02C04
19D02C05S01,PAQUISHA 1,19D02C05
19D02C06S01,NUEVO QUITO 1,19D02C06
19D03C01S01,SAN ANDRES 1,19D03C01
19D03C02S01,LA BALSA 1,19D03C02
19D03C03S01,ZUMBA 1,19D03C03
19D03C04S01,CHITO 1,19D03C04
19D03C05S01,PALANDA 1,19D03C05
19D03C06S01,PORVENIR DEL CARMEN 1,19D03C06
19D03C07S01,SAN FRANCISCO DEL VERGEL 1,19D03C07
19D04C01S01,YANTZAZA 1,19D04C01
19D04C01S02,YANTZAZA 2,19D04C01
19D04C02S01,LOS ENCUENTROS 1,19D04C02
19D04C03S01,PANGUI 1,19D04C03
19D04C03S02,PANGUI 2,19D04C03
19D04C04S01,TUNDAYME 1,19D04C04
20D01C01S01,ISABELA 1,20D01C01
20D01C02S01,FERNANDINA 1,20D01C02
20D01C03S01,SAN CRISTOBAL 1,20D01C03
20D01C04S01,PROGRESO 1,20D01C04
20D01C05S01,BELLAVISTA 1,20D01C05
20D01C06S01,PUERTO AYORA 1,20D01C06
20D01C07S01,PINZON 1,20D01C07
21D01C01S01,CASCALES 1,21D01C01
21D01C01S02,CASCALES 2,21D01C01
21D01C02S01,LUMBAQUI 1,21D01C02
21D01C02S02,LUMBAQUI 2,21D01C02
21D01C03S01,LA BONITA 1,21D01C03
21D01C03S02,LA BONITA 2,21D01C03
21D02C01S01,NUEVO SUCUMBIOS 1,21D02C01
21D02C01S02,NUEVO SUCUMBIOS 2,21D02C01
21D02C02S01,EL DORADO 1,21D02C02
21D02C03S01,PARQUE ECOLOGICO 1,21D02C03
21D02C03S02,PARQUE ECOLOGICO 2,21D02C03
21D02C04S01,LAS PALMERAS 1,21D02C04
21D02C04S02,LAS PALMERAS 2,21D02C04
21D02C05S01,SANTA CECILIA 1,21D02C05
21D02C05S02,SANTA CECILIA 2,21D02C05
21D02C06S01,EL ENO 1,21D02C06
21D02C07S01,PACAYACU 1,21D02C07
21D02C07S02,PACAYACU 2,21D02C07
21D02C08S01,GENERAL FARFAN 1,21D02C08
21D03C01S01,TARAPOA 1,21D03C01
21D03C03S01,PALMA ROJA 1,21D03C03
21D03C04S01,PUERTO DEL CARMEN 1,21D03C04
21D03C04S02,PUERTO DEL CARMEN 2,21D03C04
21D04C01S01,LA PRIMAVERA 1,21D04C01
21D04C02S01,SHUSHUFINDI CENTRO 1,21D04C02
21D04C02S02,SHUSHUFINDI CENTRO 2,21D04C02
21D04C03S01,7 DE JULIO 1,21D04C03
21D04C04S01,PAÑACOCHA 1,21D04C04
21D04C05S01,LIMONCOCHA 1,21D04C05
22D01C01S01,SAN SEBASTIAN 1,22D01C01
22D01C01S02,SAN SEBASTIAN 2,22D01C01
22D01C02S01,SAN PEDRO 1,22D01C02
22D01C02S02,SAN PEDRO 2,22D01C02
22D01C02S03,SAN PEDRO 3,22D01C02
22D01C02S04,SAN PEDRO 4,22D01C02
22D01C03S01,SACHAS 1,22D01C03
22D01C03S02,SACHAS 2,22D01C03
22D01C04S01,POMPEYA 1,22D01C04
22D02C01S01,24 DE MAYO 1,22D02C01
22D02C02S01,LORETO 1,22D02C02
22D02C02S02,LORETO 2,22D02C02
22D02C03S01,PAYAMINO 1,22D02C03
22D02C04S01,COCA ORIENTE 1,22D02C04
22D02C04S02,COCA ORIENTE 2,22D02C04
22D02C04S03,COCA ORIENTE 3,22D02C04
22D02C04S04,COCA ORIENTE 4,22D02C04
22D02C05S01,COCA OCCIDENTE 1,22D02C05
22D02C05S02,COCA OCCIDENTE 2,22D02C05
22D02C05S03,COCA OCCIDENTE 3,22D02C05
22D02C05S04,COCA OCCIDENTE 4,22D02C05
22D02C05S05,COCA OCCIDENTE 5,22D02C05
22D02C06S01,NUEVO PARAISO 1,22D02C06
22D02C06S02,NUEVO PARAISO 2,22D02C06
22D02C07S01,LA BELLEZA 1,22D02C07
22D02C08S01,DAYUMA 1,22D02C08
22D02C08S02,DAYUMA 2,22D02C08
22D02C08S03,DAYUMA 3,22D02C08
22D02C09S01,ALEJANDRO LABAKA 1,22D02C09
22D02C10S01,INES ARANGO 1,22D02C10
22D02C11S01,SAN LUIS DE ARMENIA 1,22D02C11
22D03C01S01,AGUARICO 1,22D03C01
22D03C02S01,NUEVO ROCAFUERTE 1,22D03C02
22D03C03S01,RIO NAPO 1,22D03C03
23D01C01S01,COLONIA VELASCO IBARRA 1,23D01C01
23D01C02S01,CENTRO 1,23D01C02
23D01C02S02,CENTRO 2,23D01C02
23D01C02S03,CENTRO 3,23D01C02
23D01C02S04,CENTRO 4,23D01C02
23D01C03S01,SANTA MARTHA NORTE 1,23D01C03
23D01C03S02,SANTA MARTHA NORTE 2,23D01C03
23D01C04S01,SANTA MARTHA SUR 1,23D01C04
23D01C04S02,SANTA MARTHA SUR 2,23D01C04
23D01C04S03,SANTA MARTHA SUR 3,23D01C04
23D01C05S01,3 DE JULIO 1,23D01C05
23D01C05S02,3 DE JULIO 2,23D01C05
23D01C06S01,UNIFICADOS 1,23D01C06
23D01C06S02,UNIFICADOS 2,23D01C06
23D01C07S01,CRISTO VIVE 1,23D01C07
23D01C07S02,CRISTO VIVE 2,23D01C07
23D01C08S01,LAS MERCEDES 1,23D01C08
23D01C09S01,EL TOACHI 1,23D01C09
23D01C09S02,EL TOACHI 2,23D01C09
23D01C10S01,BOLIVAR 1,23D01C10
23D01C11S01,LA LORENA 1,23D01C11
23D01C12S01,EL ESFUERZO 1,23D01C12
23D01C13S01,SANTA MARIA 1,23D01C13
23D01C14S01,ALLURIQUIN 1,23D01C14
23D01C15S01,LELIA 1,23D01C15
23D01C16S01,LUZ DE AMERICA 1,23D01C16
23D01C16S02,LUZ DE AMERICA 2,23D01C16
23D01C17S01,JULIO MORENO 1,23D01C17
23D02C01S01,JUAN EULOGIO 1,23D02C01
23D02C01S02,JUAN EULOGIO 2,23D02C01
23D02C01S03,JUAN EULOGIO 3,23D02C01
23D02C02S01,CHILA 1,23D02C02
23D02C03S01,BOMBOLI 1,23D02C03
23D02C03S02,BOMBOLI 2,23D02C03
23D02C04S01,EL COLORADO 1,23D02C04
23D02C04S02,EL COLORADO 2,23D02C04
23D02C04S03,EL COLORADO 3,23D02C04
23D02C05S01,EL PROLETARIADO 1,23D02C05
23D02C05S02,EL PROLETARIADO 2,23D02C05
23D02C06S01,PLAN DE VIVIENDA 1,23D02C06
23D02C06S02,PLAN DE VIVIENDA 2,23D02C06
23D02C07S01,NUEVO ISRAEL 1,23D02C07
23D02C08S01,VALLE HERMOSO 1,23D02C08
23D02C08S02,VALLE HERMOSO 2,23D02C08
23D02C08S03,VALLE HERMOSO 3,23D02C08
23D02C09S01,SAN JACINTO DEL BUA 1,23D02C09
23D02C10S01,SAN VICENTE DE BUA 1,23D02C10
23D02C11S01,PUERTO LIMON 1,23D02C11
23D03C01S01,CONCORDIA NORTE 1,23D03C01
23D03C01S02,CONCORDIA NORTE 2,23D03C01
23D03C01S03,CONCORDIA NORTE 3,23D03C01
23D03C02S01,MONTERREY 1,23D03C02
23D03C02S02,MONTERREY 2,23D03C02
23D03C03S01,PLAN PILOTO 1,23D03C03
24D01C01S01,CHANDUY 1,24D01C01
24D01C01S02,CHANDUY 2,24D01C01
24D01C02S01,JULIO MORENO 1,24D01C02
24D01C03S01,ATAHUALPA 1,24D01C03
24D01C03S02,ATAHUALPA 2,24D01C03
24D01C04S01,SANTA ELENA CENTRO 1,24D01C04
24D01C04S02,SANTA ELENA CENTRO 2,24D01C04
24D01C04S03,SANTA ELENA CENTRO 3,24D01C04
24D01C04S04,SANTA ELENA CENTRO 4,24D01C04
24D01C05S01,SAN PABLO 1,24D01C05
24D01C06S01,MANANTIAL DE GUANGALA 1,24D01C06
24D01C07S01,PALMAR 1,24D01C07
24D01C08S01,COLONCHE 1,24D01C08
24D01C09S01,OLON 1,24D01C09
24D01C10S01,MONTAÑITA 1,24D01C10
24D02C01S01,LIBERTAD CENTRO 1,24D02C01
24D02C01S02,LIBERTAD CENTRO 2,24D02C01
24D02C01S03,LIBERTAD CENTRO 3,24D02C01
24D02C01S04,LIBERTAD CENTRO 4,24D02C01
24D02C02S01,VIRGEN DEL CARMEN 1,24D02C02
24D02C02S02,VIRGEN DEL CARMEN 2,24D02C02
24D02C03S01,5 DE JUNIO 1,24D02C03
24D02C03S02,5 DE JUNIO 2,24D02C03
24D02C04S01,ENRIQUEZ GALLO 1,24D02C04
24D02C05S01,SALINAS CENTRO 1,24D02C05
24D02C05S02,SALINAS CENTRO 2,24D02C05
24D02C05S03,SALINAS CENTRO 3,24D02C05
24D02C06S01,SANTA ROSA 1,24D02C06
24D02C06S02,SANTA ROSA 2,24D02C06
24D02C06S03,SANTA ROSA 3,24D02C06
24D02C07S01,PUERTO AGUAJE 1,24D02C07
24D02C07S02,PUERTO AGUAJE 2,24D02C07
24D02C08S01,ANCONCITO 1,24D02C08